technology_1,technology_2,region_1,region_2,parameter_1,value_1,parameter_2,value_2,parameter_3,value_3,parameter_4,value_4
,,AT,AT,expStInFix,0,expStOutFix,0,expStSizeFix,0,expConvFix,0
,,BE,BE,expStInFix,0,expStOutFix,0,expStSizeFix,0,expConvFix,0
,,BG,BG,expStInFix,0,expStOutFix,0,expStSizeFix,0,expConvFix,0
,,CH,CH,expStInFix,0,expStOutFix,0,expStSizeFix,0,expConvFix,0
,,CZ,CZ,expStInFix,0,expStOutFix,0,expStSizeFix,0,expConvFix,0
,,DK,DK,expStInFix,0,expStOutFix,0,expStSizeFix,0,expConvFix,0
,,ES,ES,expStInFix,0,expStOutFix,0,expStSizeFix,0,expConvFix,0
,,FI,FI,expStInFix,0,expStOutFix,0,expStSizeFix,0,expConvFix,0
,,FR,FR,expStInFix,0,expStOutFix,0,expStSizeFix,0,expConvFix,0
,,GR,GR,expStInFix,0,expStOutFix,0,expStSizeFix,0,expConvFix,0
,,HR,HR,expStInFix,0,expStOutFix,0,expStSizeFix,0,expConvFix,0
,,HU,HU,expStInFix,0,expStOutFix,0,expStSizeFix,0,expConvFix,0
,,IE,IE,expStInFix,0,expStOutFix,0,expStSizeFix,0,expConvFix,0
,,IT,IT,expStInFix,0,expStOutFix,0,expStSizeFix,0,expConvFix,0
,,LU,LU,expStInFix,0,expStOutFix,0,expStSizeFix,0,expConvFix,0
,,NL,NL,expStInFix,0,expStOutFix,0,expStSizeFix,0,expConvFix,0
,,NO,NO,expStInFix,0,expStOutFix,0,expStSizeFix,0,expConvFix,0
,,PL,PL,expStInFix,0,expStOutFix,0,expStSizeFix,0,expConvFix,0
,,PT,PT,expStInFix,0,expStOutFix,0,expStSizeFix,0,expConvFix,0
,,RO,RO,expStInFix,0,expStOutFix,0,expStSizeFix,0,expConvFix,0
,,SE,SE,expStInFix,0,expStOutFix,0,expStSizeFix,0,expConvFix,0
,,SI,SI,expStInFix,0,expStOutFix,0,expStSizeFix,0,expConvFix,0
,,SK,SK,expStInFix,0,expStOutFix,0,expStSizeFix,0,expConvFix,0
,,UK,UK,expStInFix,0,expStOutFix,0,expStSizeFix,0,expConvFix,0
,,EE,EE,expStInFix,0,expStOutFix,0,expStSizeFix,0,expConvFix,0
,,LT,LT,expStInFix,0,expStOutFix,0,expStSizeFix,0,expConvFix,0
,,LV,LV,expStInFix,0,expStOutFix,0,expStSizeFix,0,expConvFix,0
,,NONEU_Balkan,NONEU_Balkan,expStInFix,0,expStOutFix,0,expStSizeFix,0,expConvFix,0
,,TR,TR,expStInFix,0,expStOutFix,0,expStSizeFix,0,expConvFix,0
pumpedHydro,,AT,AT,capaStInResi,5.651,capaStOutResi,12.351,capaStSizeResi,148.212,,
pumpedHydro,,BE,BE,capaStInResi,1.15,capaStOutResi,1.308,capaStSizeResi,6.54,,
pumpedHydro,,BG,BG,capaStInResi,0.933,capaStOutResi,2.8,capaStSizeResi,14,,
pumpedHydro,,CH,CH,capaStInResi,4.105,capaStOutResi,13.58,capaStSizeResi,162.96,,
pumpedHydro,,CZ,CZ,capaStInResi,1,capaStOutResi,1.05,capaStSizeResi,5.25,,
pumpedHydro,,ES,ES,capaStInResi,8.28,capaStOutResi,19.2,capaStSizeResi,96,,
pumpedHydro,,FI,FI,capaStInResi,0,capaStOutResi,3.2,capaStSizeResi,16,,
pumpedHydro,,FR,FR,capaStInResi,5.5,capaStOutResi,13.5,capaStSizeResi,162,,
pumpedHydro,,GR,GR,capaStInResi,1.289,capaStOutResi,4.009,capaStSizeResi,20.045,,
pumpedHydro,,HR,HR,capaStInResi,0.3,capaStOutResi,2.3,capaStSizeResi,11.5,,
pumpedHydro,,IE,IE,capaStInResi,0.442,capaStOutResi,0.442,capaStSizeResi,2.21,,
pumpedHydro,,IT,IT,capaStInResi,5.73179697,capaStOutResi,16.45586969,capaStSizeResi,197.4704363,,
pumpedHydro,,LT,LT,capaStInResi,0.95,capaStOutResi,1.125,capaStSizeResi,5.625,,
pumpedHydro,,LU,LU,capaStInResi,1.026,capaStOutResi,1.31,capaStSizeResi,6.55,,
pumpedHydro,,LV,LV,capaStInResi,0,capaStOutResi,1.619,capaStSizeResi,8.095,,
pumpedHydro,,NO,NO,capaStInResi,1.114708,capaStOutResi,35.8169,capaStSizeResi,3581.69,,
pumpedHydro,,PL,PL,capaStInResi,1.488,capaStOutResi,1.413,capaStSizeResi,7.065,,
pumpedHydro,,PT,PT,capaStInResi,4.1199,capaStOutResi,8.4662,capaStSizeResi,42.331,,
pumpedHydro,,RO,RO,capaStInResi,0,capaStOutResi,3.3099157,capaStSizeResi,16.5495785,,
pumpedHydro,,SE,SE,capaStInResi,0,capaStOutResi,16.184,capaStSizeResi,1618.4,,
pumpedHydro,,SI,SI,capaStInResi,0.617,capaStOutResi,0.6,capaStSizeResi,3,,
pumpedHydro,,SK,SK,capaStInResi,1.486,capaStOutResi,2.292,capaStSizeResi,11.46,,
pumpedHydro,,TR,TR,capaStInResi,0,capaStOutResi,26.625,capaStSizeResi,133.125,,
pumpedHydro,,UK,UK,capaStInResi,0,capaStOutResi,1.553,capaStSizeResi,7.765,,
battery,grid,AT,AT,capaStInResi,6.05,capaStOutResi,6.05,capaStSizeResi,18.16,,
battery,grid,BE,BE,capaStInResi,0.2,capaStOutResi,0.2,capaStSizeResi,0.6,,
battery,grid,BG,BG,capaStInResi,5.8,capaStOutResi,5.8,capaStSizeResi,17.41,,
battery,grid,CH,CH,capaStInResi,2.74,capaStOutResi,2.74,capaStSizeResi,8.22,,
battery,grid,CZ,CZ,capaStInResi,13.14,capaStOutResi,13.14,capaStSizeResi,39.42,,
battery,grid,DK,DK,capaStInResi,2.79,capaStOutResi,2.79,capaStSizeResi,8.37,,
battery,grid,EE,EE,capaStInResi,0.91,capaStOutResi,0.91,capaStSizeResi,2.72,,
battery,grid,ES,ES,capaStInResi,78.47,capaStOutResi,78.47,capaStSizeResi,235.41,,
battery,grid,FI,FI,capaStInResi,2.99,capaStOutResi,2.99,capaStSizeResi,8.96,,
battery,grid,FR,FR,capaStInResi,61.78,capaStOutResi,61.78,capaStSizeResi,185.35,,
battery,grid,GR,GR,capaStInResi,35.98,capaStOutResi,35.98,capaStSizeResi,107.95,,
battery,grid,HR,HR,capaStInResi,3.35,capaStOutResi,3.35,capaStSizeResi,10.06,,
battery,grid,HU,HU,capaStInResi,8.59,capaStOutResi,8.59,capaStSizeResi,25.77,,
battery,grid,IE,IE,capaStInResi,5.18,capaStOutResi,5.18,capaStSizeResi,15.53,,
battery,grid,IT,IT,capaStInResi,48.34,capaStOutResi,48.34,capaStSizeResi,145.01,,
battery,grid,LT,LT,capaStInResi,6.22,capaStOutResi,6.22,capaStSizeResi,18.66,,
battery,grid,LU,LU,capaStInResi,0.26,capaStOutResi,0.26,capaStSizeResi,0.77,,
battery,grid,LV,LV,capaStInResi,2.29,capaStOutResi,2.29,capaStSizeResi,6.87,,
battery,grid,NL,NL,capaStInResi,11.56,capaStOutResi,11.56,capaStSizeResi,34.69,,
battery,grid,NO,NO,capaStInResi,0.06,capaStOutResi,0.06,capaStSizeResi,0.18,,
battery,grid,NONEU_Balkan,NONEU_Balkan,capaStInResi,30.1,capaStOutResi,30.1,capaStSizeResi,90.29,,
battery,grid,PL,PL,capaStInResi,46.41,capaStOutResi,46.41,capaStSizeResi,139.24,,
battery,grid,PT,PT,capaStInResi,25.33,capaStOutResi,25.33,capaStSizeResi,75.99,,
battery,grid,RO,RO,capaStInResi,6.72,capaStOutResi,6.72,capaStSizeResi,20.16,,
battery,grid,SE,SE,capaStInResi,2.3,capaStOutResi,2.3,capaStSizeResi,6.91,,
battery,grid,SI,SI,capaStInResi,1.35,capaStOutResi,1.35,capaStSizeResi,4.05,,
battery,grid,SK,SK,capaStInResi,7.12,capaStOutResi,7.12,capaStSizeResi,21.35,,
battery,grid,TR,TR,capaStInResi,214.78,capaStOutResi,214.78,capaStSizeResi,644.34,,
battery,grid,UK,UK,capaStInResi,39.29,capaStOutResi,39.29,capaStSizeResi,117.86,,
methanation,,AT,AT,capaConvResi,0.53,,,,,,
methanation,,NONEU_Balkan,NONEU_Balkan,capaConvResi,1.87,,,,,,
methanation,,EE,EE,capaConvResi,0,,,,,,
methanation,,LT,LT,capaConvResi,0,,,,,,
methanation,,LV,LV,capaConvResi,0,,,,,,
methanation,,NL,NL,capaConvResi,4.52,,,,,,
methanation,,BE,BE,capaConvResi,1.67,,,,,,
methanation,,CZ,CZ,capaConvResi,0,,,,,,
methanation,,HU,HU,capaConvResi,1.41,,,,,,
methanation,,SK,SK,capaConvResi,4.38,,,,,,
methanation,,HR,HR,capaConvResi,0,,,,,,
methanation,,SI,SI,capaConvResi,0,,,,,,
methanation,,BG,BG,capaConvResi,0,,,,,,
methanation,,RO,RO,capaConvResi,3.92,,,,,,
methanation,,TR,TR,capaConvResi,0,,,,,,
methanation,,FR,FR,capaConvResi,3.04,,,,,,
methanation,,LU,LU,capaConvResi,0.1,,,,,,
methanation,,IE,IE,capaConvResi,6.2,,,,,,
methanation,,UK,UK,capaConvResi,0.52,,,,,,
methanation,,GR,GR,capaConvResi,0,,,,,,
methanation,,PT,PT,capaConvResi,0.37,,,,,,
methanation,,ES,ES,capaConvResi,14.67,,,,,,
methanation,,IT,IT,capaConvResi,7.86,,,,,,
methanation,,PL,PL,capaConvResi,0,,,,,,
methanation,,NO,NO,capaConvResi,0.24,,,,,,
methanation,,FI,FI,capaConvResi,0.34,,,,,,
methanation,,SE,SE,capaConvResi,0.59,,,,,,
methanation,,DK,DK,capaConvResi,0.15,,,,,,
methanation,,CH,CH,capaConvResi,0,,,,,,
electrolysis,,AT,AT,capaConvResi,5.05,,,,,,
electrolysis,,NONEU_Balkan,NONEU_Balkan,capaConvResi,38.46,,,,,,
electrolysis,,EE,EE,capaConvResi,0.12,,,,,,
electrolysis,,LT,LT,capaConvResi,0.12,,,,,,
electrolysis,,LV,LV,capaConvResi,2.61,,,,,,
electrolysis,,NL,NL,capaConvResi,0.01,,,,,,
electrolysis,,BE,BE,capaConvResi,3.35,,,,,,
electrolysis,,CZ,CZ,capaConvResi,1.18,,,,,,
electrolysis,,HU,HU,capaConvResi,0.59,,,,,,
electrolysis,,SK,SK,capaConvResi,0.01,,,,,,
electrolysis,,HR,HR,capaConvResi,1.08,,,,,,
electrolysis,,SI,SI,capaConvResi,0.91,,,,,,
electrolysis,,BG,BG,capaConvResi,0.74,,,,,,
electrolysis,,RO,RO,capaConvResi,35.54,,,,,,
electrolysis,,TR,TR,capaConvResi,30.08,,,,,,
electrolysis,,FR,FR,capaConvResi,44.39,,,,,,
electrolysis,,LU,LU,capaConvResi,0.23,,,,,,
electrolysis,,IE,IE,capaConvResi,7.03,,,,,,
electrolysis,,UK,UK,capaConvResi,54.77,,,,,,
electrolysis,,GR,GR,capaConvResi,2.86,,,,,,
electrolysis,,PT,PT,capaConvResi,5.31,,,,,,
electrolysis,,ES,ES,capaConvResi,38.06,,,,,,
electrolysis,,IT,IT,capaConvResi,19.88,,,,,,
electrolysis,,PL,PL,capaConvResi,15.24,,,,,,
electrolysis,,NO,NO,capaConvResi,15.64,,,,,,
electrolysis,,FI,FI,capaConvResi,0.62,,,,,,
electrolysis,,SE,SE,capaConvResi,5.07,,,,,,
electrolysis,,DK,DK,capaConvResi,6.68,,,,,,
electrolysis,,CH,CH,capaConvResi,0.66,,,,,,
gasPlant,,AT,AT,capaConvResi,4.79,,,,,,
gasPlant,,NONEU_Balkan,NONEU_Balkan,capaConvResi,0.85,,,,,,
gasPlant,,EE,EE,capaConvResi,0,,,,,,
gasPlant,,LT,LT,capaConvResi,0.46,,,,,,
gasPlant,,LV,LV,capaConvResi,1.57,,,,,,
gasPlant,,NL,NL,capaConvResi,13.8,,,,,,
gasPlant,,BE,BE,capaConvResi,3.87,,,,,,
gasPlant,,CZ,CZ,capaConvResi,0.36,,,,,,
gasPlant,,HU,HU,capaConvResi,3.43,,,,,,
gasPlant,,SK,SK,capaConvResi,0.81,,,,,,
gasPlant,,HR,HR,capaConvResi,0.35,,,,,,
gasPlant,,SI,SI,capaConvResi,0.12,,,,,,
gasPlant,,BG,BG,capaConvResi,0.6,,,,,,
gasPlant,,RO,RO,capaConvResi,2.2,,,,,,
gasPlant,,TR,TR,capaConvResi,32.3,,,,,,
gasPlant,,FR,FR,capaConvResi,6.71,,,,,,
gasPlant,,LU,LU,capaConvResi,0.71,,,,,,
gasPlant,,IE,IE,capaConvResi,4.02,,,,,,
gasPlant,,UK,UK,capaConvResi,24.54,,,,,,
gasPlant,,GR,GR,capaConvResi,6.98,,,,,,
gasPlant,,PT,PT,capaConvResi,4.45,,,,,,
gasPlant,,ES,ES,capaConvResi,44.83,,,,,,
gasPlant,,IT,IT,capaConvResi,51.28,,,,,,
gasPlant,,PL,PL,capaConvResi,8.28,,,,,,
gasPlant,,NO,NO,capaConvResi,1.75,,,,,,
gasPlant,,FI,FI,capaConvResi,0.27,,,,,,
gasPlant,,SE,SE,capaConvResi,1.02,,,,,,
gasPlant,,DK,DK,capaConvResi,0.23,,,,,,
gasPlant,,CH,CH,capaConvResi,0,,,,,,
ocgtHydrogen,,AT,AT,capaConvResi,6.26,,,,,,
ocgtHydrogen,,NONEU_Balkan,NONEU_Balkan,capaConvResi,0.01,,,,,,
ocgtHydrogen,,EE,EE,capaConvResi,0.02,,,,,,
ocgtHydrogen,,LT,LT,capaConvResi,0.02,,,,,,
ocgtHydrogen,,LV,LV,capaConvResi,3.42,,,,,,
ocgtHydrogen,,NL,NL,capaConvResi,42.96,,,,,,
ocgtHydrogen,,BE,BE,capaConvResi,0.25,,,,,,
ocgtHydrogen,,CZ,CZ,capaConvResi,14.01,,,,,,
ocgtHydrogen,,HU,HU,capaConvResi,7,,,,,,
ocgtHydrogen,,SK,SK,capaConvResi,11.53,,,,,,
ocgtHydrogen,,HR,HR,capaConvResi,0.04,,,,,,
ocgtHydrogen,,SI,SI,capaConvResi,0.03,,,,,,
ocgtHydrogen,,BG,BG,capaConvResi,0.04,,,,,,
ocgtHydrogen,,RO,RO,capaConvResi,0.02,,,,,,
ocgtHydrogen,,TR,TR,capaConvResi,35.99,,,,,,
ocgtHydrogen,,FR,FR,capaConvResi,61.69,,,,,,
ocgtHydrogen,,LU,LU,capaConvResi,0.01,,,,,,
ocgtHydrogen,,IE,IE,capaConvResi,0.01,,,,,,
ocgtHydrogen,,UK,UK,capaConvResi,49.08,,,,,,
ocgtHydrogen,,GR,GR,capaConvResi,0.83,,,,,,
ocgtHydrogen,,PT,PT,capaConvResi,0.01,,,,,,
ocgtHydrogen,,ES,ES,capaConvResi,0.01,,,,,,
ocgtHydrogen,,IT,IT,capaConvResi,3.75,,,,,,
ocgtHydrogen,,PL,PL,capaConvResi,37.39,,,,,,
ocgtHydrogen,,NO,NO,capaConvResi,0.11,,,,,,
ocgtHydrogen,,FI,FI,capaConvResi,0,,,,,,
ocgtHydrogen,,SE,SE,capaConvResi,0.19,,,,,,
ocgtHydrogen,,DK,DK,capaConvResi,5.27,,,,,,
ocgtHydrogen,,CH,CH,capaConvResi,0.04,,,,,,
biomassPlant,,AT,AT,capaConvResi,0.94,,,,,,
biomassPlant,,NONEU_Balkan,NONEU_Balkan,capaConvResi,0.04,,,,,,
biomassPlant,,EE,EE,capaConvResi,0.22,,,,,,
biomassPlant,,LT,LT,capaConvResi,0.18,,,,,,
biomassPlant,,LV,LV,capaConvResi,0.31,,,,,,
biomassPlant,,NL,NL,capaConvResi,0,,,,,,
biomassPlant,,BE,BE,capaConvResi,1.75,,,,,,
biomassPlant,,CZ,CZ,capaConvResi,1.27,,,,,,
biomassPlant,,HU,HU,capaConvResi,0.7,,,,,,
biomassPlant,,SK,SK,capaConvResi,0.48,,,,,,
biomassPlant,,HR,HR,capaConvResi,0.25,,,,,,
biomassPlant,,SI,SI,capaConvResi,0.13,,,,,,
biomassPlant,,BG,BG,capaConvResi,0.6,,,,,,
biomassPlant,,RO,RO,capaConvResi,0.38,,,,,,
biomassPlant,,TR,TR,capaConvResi,11.9,,,,,,
biomassPlant,,FR,FR,capaConvResi,1.96,,,,,,
biomassPlant,,LU,LU,capaConvResi,0.03,,,,,,
biomassPlant,,IE,IE,capaConvResi,0.19,,,,,,
biomassPlant,,UK,UK,capaConvResi,6.05,,,,,,
biomassPlant,,GR,GR,capaConvResi,0.37,,,,,,
biomassPlant,,PT,PT,capaConvResi,0,,,,,,
biomassPlant,,ES,ES,capaConvResi,1.92,,,,,,
biomassPlant,,IT,IT,capaConvResi,1.49,,,,,,
biomassPlant,,PL,PL,capaConvResi,1.65,,,,,,
biomassPlant,,NO,NO,capaConvResi,0,,,,,,
biomassPlant,,FI,FI,capaConvResi,1.87,,,,,,
biomassPlant,,SE,SE,capaConvResi,3.44,,,,,,
biomassPlant,,DK,DK,capaConvResi,4.36,,,,,,
biomassPlant,,CH,CH,capaConvResi,0.72,,,,,,
caes,,AT,AT,capaStOutResi,14.89,,,,,,
caes,,NONEU_Balkan,NONEU_Balkan,capaStOutResi,21.08,,,,,,
caes,,EE,EE,capaStOutResi,10.62,,,,,,
caes,,LT,LT,capaStOutResi,16.8,,,,,,
caes,,LV,LV,capaStOutResi,1.91,,,,,,
caes,,NL,NL,capaStOutResi,6.48,,,,,,
caes,,BE,BE,capaStOutResi,0.73,,,,,,
caes,,CZ,CZ,capaStOutResi,0.59,,,,,,
caes,,HU,HU,capaStOutResi,0.93,,,,,,
caes,,SK,SK,capaStOutResi,0.26,,,,,,
caes,,HR,HR,capaStOutResi,0.58,,,,,,
caes,,SI,SI,capaStOutResi,0.68,,,,,,
caes,,BG,BG,capaStOutResi,0.41,,,,,,
caes,,RO,RO,capaStOutResi,1.37,,,,,,
caes,,TR,TR,capaStOutResi,165.61,,,,,,
caes,,FR,FR,capaStOutResi,190.32,,,,,,
caes,,LU,LU,capaStOutResi,0.63,,,,,,
caes,,IE,IE,capaStOutResi,29.52,,,,,,
caes,,UK,UK,capaStOutResi,102.36,,,,,,
caes,,GR,GR,capaStOutResi,27.92,,,,,,
caes,,PT,PT,capaStOutResi,22.89,,,,,,
caes,,ES,ES,capaStOutResi,71.45,,,,,,
caes,,IT,IT,capaStOutResi,0.76,,,,,,
caes,,PL,PL,capaStOutResi,57.35,,,,,,
caes,,NO,NO,capaStOutResi,0.49,,,,,,
caes,,FI,FI,capaStOutResi,30.17,,,,,,
caes,,SE,SE,capaStOutResi,30.73,,,,,,
caes,,DK,DK,capaStOutResi,11.25,,,,,,
caes,,CH,CH,capaStOutResi,3.44,,,,,,
caes,,AT,AT,capaStSizeResi,15.52,,,,,,
caes,,NONEU_Balkan,NONEU_Balkan,capaStSizeResi,21.61,,,,,,
caes,,EE,EE,capaStSizeResi,28.25,,,,,,
caes,,LT,LT,capaStSizeResi,68.66,,,,,,
caes,,LV,LV,capaStSizeResi,3.29,,,,,,
caes,,NL,NL,capaStSizeResi,6.83,,,,,,
caes,,BE,BE,capaStSizeResi,0.75,,,,,,
caes,,CZ,CZ,capaStSizeResi,0.65,,,,,,
caes,,HU,HU,capaStSizeResi,1.23,,,,,,
caes,,SK,SK,capaStSizeResi,0.43,,,,,,
caes,,HR,HR,capaStSizeResi,0.98,,,,,,
caes,,SI,SI,capaStSizeResi,0.85,,,,,,
caes,,BG,BG,capaStSizeResi,0.66,,,,,,
caes,,RO,RO,capaStSizeResi,1.69,,,,,,
caes,,TR,TR,capaStSizeResi,328.05,,,,,,
caes,,FR,FR,capaStSizeResi,489.89,,,,,,
caes,,LU,LU,capaStSizeResi,0.92,,,,,,
caes,,IE,IE,capaStSizeResi,204.23,,,,,,
caes,,UK,UK,capaStSizeResi,474.05,,,,,,
caes,,GR,GR,capaStSizeResi,28.45,,,,,,
caes,,PT,PT,capaStSizeResi,37.21,,,,,,
caes,,ES,ES,capaStSizeResi,103.92,,,,,,
caes,,IT,IT,capaStSizeResi,0.76,,,,,,
caes,,PL,PL,capaStSizeResi,97.13,,,,,,
caes,,NO,NO,capaStSizeResi,0.5,,,,,,
caes,,FI,FI,capaStSizeResi,204.82,,,,,,
caes,,SE,SE,capaStSizeResi,101.9,,,,,,
caes,,DK,DK,capaStSizeResi,45.48,,,,,,
caes,,CH,CH,capaStSizeResi,3.45,,,,,,
caes,,AT,AT,capaStInResi,1.55,,,,,,
caes,,NONEU_Balkan,NONEU_Balkan,capaStInResi,2.16,,,,,,
caes,,EE,EE,capaStInResi,2.83,,,,,,
caes,,LT,LT,capaStInResi,6.87,,,,,,
caes,,LV,LV,capaStInResi,0.33,,,,,,
caes,,NL,NL,capaStInResi,0.68,,,,,,
caes,,BE,BE,capaStInResi,0.07,,,,,,
caes,,CZ,CZ,capaStInResi,0.07,,,,,,
caes,,HU,HU,capaStInResi,0.12,,,,,,
caes,,SK,SK,capaStInResi,0.04,,,,,,
caes,,HR,HR,capaStInResi,0.1,,,,,,
caes,,SI,SI,capaStInResi,0.08,,,,,,
caes,,BG,BG,capaStInResi,0.07,,,,,,
caes,,RO,RO,capaStInResi,0.17,,,,,,
caes,,TR,TR,capaStInResi,32.8,,,,,,
caes,,FR,FR,capaStInResi,48.99,,,,,,
caes,,LU,LU,capaStInResi,0.09,,,,,,
caes,,IE,IE,capaStInResi,20.42,,,,,,
caes,,UK,UK,capaStInResi,47.4,,,,,,
caes,,GR,GR,capaStInResi,2.84,,,,,,
caes,,PT,PT,capaStInResi,3.72,,,,,,
caes,,ES,ES,capaStInResi,10.39,,,,,,
caes,,IT,IT,capaStInResi,0.08,,,,,,
caes,,PL,PL,capaStInResi,9.71,,,,,,
caes,,NO,NO,capaStInResi,0.05,,,,,,
caes,,FI,FI,capaStInResi,20.48,,,,,,
caes,,SE,SE,capaStInResi,10.19,,,,,,
caes,,DK,DK,capaStInResi,4.55,,,,,,
caes,,CH,CH,capaStInResi,0.34,,,,,,
fermenter,,AT,AT,capaConvResi,6.74,,,,,,
fermenter,,NONEU_Balkan,NONEU_Balkan,capaConvResi,0.06,,,,,,
fermenter,,EE,EE,capaConvResi,0.165,,,,,,
fermenter,,LT,LT,capaConvResi,1.03,,,,,,
fermenter,,LV,LV,capaConvResi,0.19,,,,,,
fermenter,,NL,NL,capaConvResi,5.35,,,,,,
fermenter,,BE,BE,capaConvResi,5.27,,,,,,
fermenter,,CZ,CZ,capaConvResi,3.41,,,,,,
fermenter,,HU,HU,capaConvResi,2.29,,,,,,
fermenter,,SK,SK,capaConvResi,5.86,,,,,,
fermenter,,HR,HR,capaConvResi,1.17,,,,,,
fermenter,,SI,SI,capaConvResi,3.22,,,,,,
fermenter,,BG,BG,capaConvResi,3.58,,,,,,
fermenter,,RO,RO,capaConvResi,5.31,,,,,,
fermenter,,TR,TR,capaConvResi,5.983,,,,,,
fermenter,,FR,FR,capaConvResi,7.62,,,,,,
fermenter,,LU,LU,capaConvResi,0.08,,,,,,
fermenter,,IE,IE,capaConvResi,4.89,,,,,,
fermenter,,UK,UK,capaConvResi,4.66,,,,,,
fermenter,,GR,GR,capaConvResi,0.45,,,,,,
fermenter,,PT,PT,capaConvResi,2.63,,,,,,
fermenter,,ES,ES,capaConvResi,5.04,,,,,,
fermenter,,IT,IT,capaConvResi,10.53,,,,,,
fermenter,,PL,PL,capaConvResi,3.339,,,,,,
fermenter,,NO,NO,capaConvResi,7.52,,,,,,
fermenter,,FI,FI,capaConvResi,1.04,,,,,,
fermenter,,SE,SE,capaConvResi,1.53,,,,,,
fermenter,,DK,DK,capaConvResi,2.75,,,,,,
fermenter,,CH,CH,capaConvResi,6.47,,,,,,
ror,,AT,AT,capaConvResi,6.01,,,,,,
ror,,NONEU_Balkan,NONEU_Balkan,capaConvResi,3.62,,,,,,
ror,,LT,LT,capaConvResi,0.13,,,,,,
ror,,LV,LV,capaConvResi,1.54,,,,,,
ror,,NL,NL,capaConvResi,0.04,,,,,,
ror,,BE,BE,capaConvResi,0.09,,,,,,
ror,,CZ,CZ,capaConvResi,0.22,,,,,,
ror,,HU,HU,capaConvResi,0.05,,,,,,
ror,,SK,SK,capaConvResi,1.55,,,,,,
ror,,HR,HR,capaConvResi,1.84,,,,,,
ror,,SI,SI,capaConvResi,1.02,,,,,,
ror,,BG,BG,capaConvResi,2.27,,,,,,
ror,,RO,RO,capaConvResi,6.25,,,,,,
ror,,TR,TR,capaConvResi,6.8,,,,,,
ror,,FR,FR,capaConvResi,10.33,,,,,,
ror,,LU,LU,capaConvResi,0.04,,,,,,
ror,,IE,IE,capaConvResi,0.14,,,,,,
ror,,UK,UK,capaConvResi,0.94,,,,,,
ror,,GR,GR,capaConvResi,0.23,,,,,,
ror,,PT,PT,capaConvResi,6.55,,,,,,
ror,,ES,ES,capaConvResi,13.63,,,,,,
ror,,IT,IT,capaConvResi,7.37,,,,,,
ror,,PL,PL,capaConvResi,0.85,,,,,,
ror,,NO,NO,capaConvResi,6.3,,,,,,
ror,,FI,FI,capaConvResi,2.6,,,,,,
ror,,SE,SE,capaConvResi,11.22,,,,,,
ror,,CH,CH,capaConvResi,3.85,,,,,,
wind_offshore,offshore_a,AT,AT,capaConvResi,0,,,,,,
wind_offshore,offshore_a,BE,BE,capaConvResi,0,,,,,,
wind_offshore,offshore_a,BG,BG,capaConvResi,0,,,,,,
wind_offshore,offshore_a,CH,CH,capaConvResi,0,,,,,,
wind_offshore,offshore_a,CZ,CZ,capaConvResi,0,,,,,,
wind_offshore,offshore_a,DK,DK,capaConvResi,0.02,,,,,,
wind_offshore,offshore_a,EE,EE,capaConvResi,1.56,,,,,,
wind_offshore,offshore_a,ES,ES,capaConvResi,0,,,,,,
wind_offshore,offshore_a,FI,FI,capaConvResi,0,,,,,,
wind_offshore,offshore_a,FR,FR,capaConvResi,44.57,,,,,,
wind_offshore,offshore_a,GR,GR,capaConvResi,0,,,,,,
wind_offshore,offshore_a,HR,HR,capaConvResi,0,,,,,,
wind_offshore,offshore_a,HU,HU,capaConvResi,0,,,,,,
wind_offshore,offshore_a,IE,IE,capaConvResi,17.4,,,,,,
wind_offshore,offshore_a,IT,IT,capaConvResi,0,,,,,,
wind_offshore,offshore_a,LT,LT,capaConvResi,0,,,,,,
wind_offshore,offshore_a,LU,LU,capaConvResi,0,,,,,,
wind_offshore,offshore_a,LV,LV,capaConvResi,0,,,,,,
wind_offshore,offshore_a,NL,NL,capaConvResi,10.24,,,,,,
wind_offshore,offshore_a,NO,NO,capaConvResi,0,,,,,,
wind_offshore,offshore_a,NONEU_Balkan,NONEU_Balkan,capaConvResi,0,,,,,,
wind_offshore,offshore_a,PL,PL,capaConvResi,0,,,,,,
wind_offshore,offshore_a,PT,PT,capaConvResi,0,,,,,,
wind_offshore,offshore_a,RO,RO,capaConvResi,0,,,,,,
wind_offshore,offshore_a,SE,SE,capaConvResi,0,,,,,,
wind_offshore,offshore_a,SI,SI,capaConvResi,0,,,,,,
wind_offshore,offshore_a,SK,SK,capaConvResi,0,,,,,,
wind_offshore,offshore_a,TR,TR,capaConvResi,0,,,,,,
wind_offshore,offshore_a,UK,UK,capaConvResi,33,,,,,,
rooftop,rooftop_a,AT,AT,capaConvResi,0,,,,,,
rooftop,rooftop_a,BE,BE,capaConvResi,0,,,,,,
rooftop,rooftop_a,BG,BG,capaConvResi,0,,,,,,
rooftop,rooftop_a,CH,CH,capaConvResi,0,,,,,,
rooftop,rooftop_a,CZ,CZ,capaConvResi,0,,,,,,
rooftop,rooftop_a,DK,DK,capaConvResi,0,,,,,,
rooftop,rooftop_a,EE,EE,capaConvResi,0,,,,,,
rooftop,rooftop_a,ES,ES,capaConvResi,0,,,,,,
rooftop,rooftop_a,FI,FI,capaConvResi,0,,,,,,
rooftop,rooftop_a,FR,FR,capaConvResi,0,,,,,,
rooftop,rooftop_a,GR,GR,capaConvResi,0,,,,,,
rooftop,rooftop_a,HR,HR,capaConvResi,0,,,,,,
rooftop,rooftop_a,HU,HU,capaConvResi,0,,,,,,
rooftop,rooftop_a,IE,IE,capaConvResi,0,,,,,,
rooftop,rooftop_a,IT,IT,capaConvResi,0,,,,,,
rooftop,rooftop_a,LT,LT,capaConvResi,0,,,,,,
rooftop,rooftop_a,LU,LU,capaConvResi,0,,,,,,
rooftop,rooftop_a,LV,LV,capaConvResi,0,,,,,,
rooftop,rooftop_a,NL,NL,capaConvResi,0,,,,,,
rooftop,rooftop_a,NO,NO,capaConvResi,0,,,,,,
rooftop,rooftop_a,NONEU_Balkan,NONEU_Balkan,capaConvResi,0,,,,,,
rooftop,rooftop_a,PL,PL,capaConvResi,0,,,,,,
rooftop,rooftop_a,PT,PT,capaConvResi,0,,,,,,
rooftop,rooftop_a,RO,RO,capaConvResi,0,,,,,,
rooftop,rooftop_a,SE,SE,capaConvResi,0,,,,,,
rooftop,rooftop_a,SI,SI,capaConvResi,0,,,,,,
rooftop,rooftop_a,SK,SK,capaConvResi,0,,,,,,
rooftop,rooftop_a,TR,TR,capaConvResi,0,,,,,,
rooftop,rooftop_a,UK,UK,capaConvResi,0,,,,,,
openspace,openspace_a,AT,AT,capaConvResi,15.05,,,,,,
openspace,openspace_a,BE,BE,capaConvResi,14.59,,,,,,
openspace,openspace_a,BG,BG,capaConvResi,8.43,,,,,,
openspace,openspace_a,CH,CH,capaConvResi,9.35,,,,,,
openspace,openspace_a,CZ,CZ,capaConvResi,18.99,,,,,,
openspace,openspace_a,DK,DK,capaConvResi,8.71,,,,,,
openspace,openspace_a,EE,EE,capaConvResi,0.86,,,,,,
openspace,openspace_a,ES,ES,capaConvResi,118.5,,,,,,
openspace,openspace_a,FI,FI,capaConvResi,0.96,,,,,,
openspace,openspace_a,FR,FR,capaConvResi,114.19,,,,,,
openspace,openspace_a,GR,GR,capaConvResi,39,,,,,,
openspace,openspace_a,HR,HR,capaConvResi,5.83,,,,,,
openspace,openspace_a,HU,HU,capaConvResi,11.66,,,,,,
openspace,openspace_a,IE,IE,capaConvResi,5.43,,,,,,
openspace,openspace_a,IT,IT,capaConvResi,74.1,,,,,,
openspace,openspace_a,LT,LT,capaConvResi,10,,,,,,
openspace,openspace_a,LU,LU,capaConvResi,1.07,,,,,,
openspace,openspace_a,LV,LV,capaConvResi,8,,,,,,
openspace,openspace_a,NL,NL,capaConvResi,18.06,,,,,,
openspace,openspace_a,NO,NO,capaConvResi,4,,,,,,
openspace,openspace_a,NONEU_Balkan,NONEU_Balkan,capaConvResi,43.79,,,,,,
openspace,openspace_a,PL,PL,capaConvResi,75,,,,,,
openspace,openspace_a,PT,PT,capaConvResi,12.57,,,,,,
openspace,openspace_a,RO,RO,capaConvResi,53.43,,,,,,
openspace,openspace_a,SE,SE,capaConvResi,14.31,,,,,,
openspace,openspace_a,SI,SI,capaConvResi,2.83,,,,,,
openspace,openspace_a,SK,SK,capaConvResi,8.8,,,,,,
openspace,openspace_a,TR,TR,capaConvResi,220.42,,,,,,
openspace,openspace_a,UK,UK,capaConvResi,51.02,,,,,,
openspace,openspace_b,AT,AT,capaConvResi,5.02,,,,,,
openspace,openspace_b,BE,BE,capaConvResi,4.86,,,,,,
openspace,openspace_b,BG,BG,capaConvResi,2.81,,,,,,
openspace,openspace_b,CH,CH,capaConvResi,9.35,,,,,,
openspace,openspace_b,CZ,CZ,capaConvResi,6.33,,,,,,
openspace,openspace_b,DK,DK,capaConvResi,2.9,,,,,,
openspace,openspace_b,EE,EE,capaConvResi,0,,,,,,
openspace,openspace_b,ES,ES,capaConvResi,79.99,,,,,,
openspace,openspace_b,FI,FI,capaConvResi,0.01,,,,,,
openspace,openspace_b,FR,FR,capaConvResi,38.07,,,,,,
openspace,openspace_b,GR,GR,capaConvResi,13,,,,,,
openspace,openspace_b,HR,HR,capaConvResi,1.94,,,,,,
openspace,openspace_b,HU,HU,capaConvResi,3.89,,,,,,
openspace,openspace_b,IE,IE,capaConvResi,0,,,,,,
openspace,openspace_b,IT,IT,capaConvResi,62.72,,,,,,
openspace,openspace_b,LT,LT,capaConvResi,0,,,,,,
openspace,openspace_b,LU,LU,capaConvResi,0.36,,,,,,
openspace,openspace_b,LV,LV,capaConvResi,0,,,,,,
openspace,openspace_b,NL,NL,capaConvResi,6.02,,,,,,
openspace,openspace_b,NO,NO,capaConvResi,0,,,,,,
openspace,openspace_b,NONEU_Balkan,NONEU_Balkan,capaConvResi,14.6,,,,,,
openspace,openspace_b,PL,PL,capaConvResi,25,,,,,,
openspace,openspace_b,PT,PT,capaConvResi,4.27,,,,,,
openspace,openspace_b,RO,RO,capaConvResi,11.43,,,,,,
openspace,openspace_b,SE,SE,capaConvResi,0,,,,,,
openspace,openspace_b,SI,SI,capaConvResi,0.94,,,,,,
openspace,openspace_b,SK,SK,capaConvResi,2.93,,,,,,
openspace,openspace_b,TR,TR,capaConvResi,73.48,,,,,,
openspace,openspace_b,UK,UK,capaConvResi,0,,,,,,
wind_onshore,onshore_a,AT,AT,capaConvResi,30.53,,,,,,
wind_onshore,onshore_a,BE,BE,capaConvResi,11.8,,,,,,
wind_onshore,onshore_a,BG,BG,capaConvResi,12.67,,,,,,
wind_onshore,onshore_a,CH,CH,capaConvResi,0,,,,,,
wind_onshore,onshore_a,CZ,CZ,capaConvResi,19.47,,,,,,
wind_onshore,onshore_a,DK,DK,capaConvResi,21.73,,,,,,
wind_onshore,onshore_a,EE,EE,capaConvResi,5.27,,,,,,
wind_onshore,onshore_a,ES,ES,capaConvResi,147.67,,,,,,
wind_onshore,onshore_a,FI,FI,capaConvResi,47.87,,,,,,
wind_onshore,onshore_a,FR,FR,capaConvResi,249.14,,,,,,
wind_onshore,onshore_a,GR,GR,capaConvResi,35.24,,,,,,
wind_onshore,onshore_a,HR,HR,capaConvResi,0,,,,,,
wind_onshore,onshore_a,HU,HU,capaConvResi,26.51,,,,,,
wind_onshore,onshore_a,IE,IE,capaConvResi,24.66,,,,,,
wind_onshore,onshore_a,IT,IT,capaConvResi,63.4,,,,,,
wind_onshore,onshore_a,LT,LT,capaConvResi,12.53,,,,,,
wind_onshore,onshore_a,LU,LU,capaConvResi,1.13,,,,,,
wind_onshore,onshore_a,LV,LV,capaConvResi,8.69,,,,,,
wind_onshore,onshore_a,NL,NL,capaConvResi,15.73,,,,,,
wind_onshore,onshore_a,NO,NO,capaConvResi,21.47,,,,,,
wind_onshore,onshore_a,NONEU_Balkan,NONEU_Balkan,capaConvResi,70.48,,,,,,
wind_onshore,onshore_a,PL,PL,capaConvResi,97.07,,,,,,
wind_onshore,onshore_a,PT,PT,capaConvResi,34,,,,,,
wind_onshore,onshore_a,RO,RO,capaConvResi,61,,,,,,
wind_onshore,onshore_a,SE,SE,capaConvResi,62.27,,,,,,
wind_onshore,onshore_a,SI,SI,capaConvResi,2.77,,,,,,
wind_onshore,onshore_a,SK,SK,capaConvResi,0,,,,,,
wind_onshore,onshore_a,TR,TR,capaConvResi,116.7,,,,,,
wind_onshore,onshore_a,UK,UK,capaConvResi,141.67,,,,,,
wind_onshore,onshore_b,AT,AT,capaConvResi,15.27,,,,,,
wind_onshore,onshore_b,BE,BE,capaConvResi,5.9,,,,,,
wind_onshore,onshore_b,BG,BG,capaConvResi,0,,,,,,
wind_onshore,onshore_b,CH,CH,capaConvResi,0,,,,,,
wind_onshore,onshore_b,CZ,CZ,capaConvResi,0.77,,,,,,
wind_onshore,onshore_b,DK,DK,capaConvResi,10.87,,,,,,
wind_onshore,onshore_b,EE,EE,capaConvResi,0,,,,,,
wind_onshore,onshore_b,ES,ES,capaConvResi,25.37,,,,,,
wind_onshore,onshore_b,FI,FI,capaConvResi,23.93,,,,,,
wind_onshore,onshore_b,FR,FR,capaConvResi,121.91,,,,,,
wind_onshore,onshore_b,GR,GR,capaConvResi,0.04,,,,,,
wind_onshore,onshore_b,HR,HR,capaConvResi,0,,,,,,
wind_onshore,onshore_b,HU,HU,capaConvResi,3.78,,,,,,
wind_onshore,onshore_b,IE,IE,capaConvResi,5.89,,,,,,
wind_onshore,onshore_b,IT,IT,capaConvResi,0,,,,,,
wind_onshore,onshore_b,LT,LT,capaConvResi,0,,,,,,
wind_onshore,onshore_b,LU,LU,capaConvResi,0.57,,,,,,
wind_onshore,onshore_b,LV,LV,capaConvResi,0,,,,,,
wind_onshore,onshore_b,NL,NL,capaConvResi,7.87,,,,,,
wind_onshore,onshore_b,NO,NO,capaConvResi,10.73,,,,,,
wind_onshore,onshore_b,NONEU_Balkan,NONEU_Balkan,capaConvResi,70.48,,,,,,
wind_onshore,onshore_b,PL,PL,capaConvResi,32.44,,,,,,
wind_onshore,onshore_b,PT,PT,capaConvResi,17,,,,,,
wind_onshore,onshore_b,RO,RO,capaConvResi,0,,,,,,
wind_onshore,onshore_b,SE,SE,capaConvResi,31.13,,,,,,
wind_onshore,onshore_b,SI,SI,capaConvResi,0,,,,,,
wind_onshore,onshore_b,SK,SK,capaConvResi,0,,,,,,
wind_onshore,onshore_b,TR,TR,capaConvResi,116.7,,,,,,
wind_onshore,onshore_b,UK,UK,capaConvResi,141.67,,,,,,
electricMobility,,AT,AT,capaConvResi,100,,,,,,
electricMobility,,BE,BE,capaConvResi,100,,,,,,
electricMobility,,BG,BG,capaConvResi,100,,,,,,
electricMobility,,CH,CH,capaConvResi,100,,,,,,
electricMobility,,CZ,CZ,capaConvResi,100,,,,,,
electricMobility,,DK,DK,capaConvResi,100,,,,,,
electricMobility,,ES,ES,capaConvResi,100,,,,,,
electricMobility,,FI,FI,capaConvResi,100,,,,,,
electricMobility,,FR,FR,capaConvResi,100,,,,,,
electricMobility,,GR,GR,capaConvResi,100,,,,,,
electricMobility,,HR,HR,capaConvResi,100,,,,,,
electricMobility,,HU,HU,capaConvResi,100,,,,,,
electricMobility,,IE,IE,capaConvResi,100,,,,,,
electricMobility,,IT,IT,capaConvResi,100,,,,,,
electricMobility,,LU,LU,capaConvResi,100,,,,,,
electricMobility,,NL,NL,capaConvResi,100,,,,,,
electricMobility,,NO,NO,capaConvResi,100,,,,,,
electricMobility,,PL,PL,capaConvResi,100,,,,,,
electricMobility,,PT,PT,capaConvResi,100,,,,,,
electricMobility,,RO,RO,capaConvResi,100,,,,,,
electricMobility,,SE,SE,capaConvResi,100,,,,,,
electricMobility,,SI,SI,capaConvResi,100,,,,,,
electricMobility,,SK,SK,capaConvResi,100,,,,,,
electricMobility,,UK,UK,capaConvResi,100,,,,,,
electricMobility,,EE,EE,capaConvResi,100,,,,,,
electricMobility,,LT,LT,capaConvResi,100,,,,,,
electricMobility,,LV,LV,capaConvResi,100,,,,,,
electricMobility,,NONEU_Balkan,NONEU_Balkan,capaConvResi,100,,,,,,
electricMobility,,TR,TR,capaConvResi,100,,,,,,
electricMobility,,DE,DE11,capaConvResi,100,,,,,,
electricMobility,,DE,DE12,capaConvResi,100,,,,,,
electricMobility,,DE,DE94,capaConvResi,100,,,,,,
electricMobility,,DE,DEA1,capaConvResi,100,,,,,,
electricMobility,,DE,DEA4,capaConvResi,100,,,,,,
electricMobility,,DE,DEA5,capaConvResi,100,,,,,,
electricMobility,,DE,DEB3,capaConvResi,100,,,,,,
electricMobility,,DE,DED2,capaConvResi,100,,,,,,
electricMobility,,DE,DED4,capaConvResi,100,,,,,,
electricMobility,,DE,DED5,capaConvResi,100,,,,,,
electricMobility,,DE,DEE0,capaConvResi,100,,,,,,
electricMobility,,DE,DEF0,capaConvResi,100,,,,,,
electricMobility,,DE,DEG0,capaConvResi,100,,,,,,
electricMobility,,DE,DE92,capaConvResi,100,,,,,,
electricMobility,,DE,DE93,capaConvResi,100,,,,,,
electricMobility,,DE,DEA2,capaConvResi,100,,,,,,
electricMobility,,DE,DEB1,capaConvResi,100,,,,,,
electricMobility,,DE,DEC0_,capaConvResi,100,,,,,,
electricMobility,,DE,DEA3,capaConvResi,100,,,,,,
electricMobility,,DE,DEB2,capaConvResi,100,,,,,,
electricMobility,,DE,DE21,capaConvResi,100,,,,,,
electricMobility,,DE,DE22,capaConvResi,100,,,,,,
electricMobility,,DE,DE23,capaConvResi,100,,,,,,
electricMobility,,DE,DE25,capaConvResi,100,,,,,,
electricMobility,,DE,DE26,capaConvResi,100,,,,,,
electricMobility,,DE,DE40,capaConvResi,100,,,,,,
electricMobility,,DE,DE50,capaConvResi,100,,,,,,
electricMobility,,DE,DE60,capaConvResi,100,,,,,,
electricMobility,,DE,DE71,capaConvResi,100,,,,,,
electricMobility,,DE,DE72,capaConvResi,100,,,,,,
electricMobility,,DE,DE73,capaConvResi,100,,,,,,
electricMobility,,DE,DE80,capaConvResi,100,,,,,,
electricMobility,,DE,DE91,capaConvResi,100,,,,,,
electricMobility,,DE,DE13,capaConvResi,100,,,,,,
electricMobility,,DE,DE24,capaConvResi,100,,,,,,
electricMobility,,DE,DE27,capaConvResi,100,,,,,,
electricMobility,,DE,DE14,capaConvResi,100,,,,,,
electricMobility,,DE,DE30,capaConvResi,100,,,,,,
electricResidentalHeating,,AT,AT,capaConvResi,100,,,,,,
electricResidentalHeating,,BE,BE,capaConvResi,100,,,,,,
electricResidentalHeating,,BG,BG,capaConvResi,100,,,,,,
electricResidentalHeating,,CH,CH,capaConvResi,100,,,,,,
electricResidentalHeating,,CZ,CZ,capaConvResi,100,,,,,,
electricResidentalHeating,,DK,DK,capaConvResi,100,,,,,,
electricResidentalHeating,,ES,ES,capaConvResi,100,,,,,,
electricResidentalHeating,,FI,FI,capaConvResi,100,,,,,,
electricResidentalHeating,,FR,FR,capaConvResi,100,,,,,,
electricResidentalHeating,,GR,GR,capaConvResi,100,,,,,,
electricResidentalHeating,,HR,HR,capaConvResi,100,,,,,,
electricResidentalHeating,,HU,HU,capaConvResi,100,,,,,,
electricResidentalHeating,,IE,IE,capaConvResi,100,,,,,,
electricResidentalHeating,,IT,IT,capaConvResi,100,,,,,,
electricResidentalHeating,,LU,LU,capaConvResi,100,,,,,,
electricResidentalHeating,,NL,NL,capaConvResi,100,,,,,,
electricResidentalHeating,,NO,NO,capaConvResi,100,,,,,,
electricResidentalHeating,,PL,PL,capaConvResi,100,,,,,,
electricResidentalHeating,,PT,PT,capaConvResi,100,,,,,,
electricResidentalHeating,,RO,RO,capaConvResi,100,,,,,,
electricResidentalHeating,,SE,SE,capaConvResi,100,,,,,,
electricResidentalHeating,,SI,SI,capaConvResi,100,,,,,,
electricResidentalHeating,,SK,SK,capaConvResi,100,,,,,,
electricResidentalHeating,,UK,UK,capaConvResi,100,,,,,,
electricResidentalHeating,,EE,EE,capaConvResi,100,,,,,,
electricResidentalHeating,,LT,LT,capaConvResi,100,,,,,,
electricResidentalHeating,,LV,LV,capaConvResi,100,,,,,,
electricResidentalHeating,,NONEU_Balkan,NONEU_Balkan,capaConvResi,100,,,,,,
electricResidentalHeating,,TR,TR,capaConvResi,100,,,,,,
electricResidentalHeating,,DE,DE11,capaConvResi,100,,,,,,
electricResidentalHeating,,DE,DE12,capaConvResi,100,,,,,,
electricResidentalHeating,,DE,DE94,capaConvResi,100,,,,,,
electricResidentalHeating,,DE,DEA1,capaConvResi,100,,,,,,
electricResidentalHeating,,DE,DEA4,capaConvResi,100,,,,,,
electricResidentalHeating,,DE,DEA5,capaConvResi,100,,,,,,
electricResidentalHeating,,DE,DEB3,capaConvResi,100,,,,,,
electricResidentalHeating,,DE,DED2,capaConvResi,100,,,,,,
electricResidentalHeating,,DE,DED4,capaConvResi,100,,,,,,
electricResidentalHeating,,DE,DED5,capaConvResi,100,,,,,,
electricResidentalHeating,,DE,DEE0,capaConvResi,100,,,,,,
electricResidentalHeating,,DE,DEF0,capaConvResi,100,,,,,,
electricResidentalHeating,,DE,DEG0,capaConvResi,100,,,,,,
electricResidentalHeating,,DE,DE92,capaConvResi,100,,,,,,
electricResidentalHeating,,DE,DE93,capaConvResi,100,,,,,,
electricResidentalHeating,,DE,DEA2,capaConvResi,100,,,,,,
electricResidentalHeating,,DE,DEB1,capaConvResi,100,,,,,,
electricResidentalHeating,,DE,DEC0_,capaConvResi,100,,,,,,
electricResidentalHeating,,DE,DEA3,capaConvResi,100,,,,,,
electricResidentalHeating,,DE,DEB2,capaConvResi,100,,,,,,
electricResidentalHeating,,DE,DE21,capaConvResi,100,,,,,,
electricResidentalHeating,,DE,DE22,capaConvResi,100,,,,,,
electricResidentalHeating,,DE,DE23,capaConvResi,100,,,,,,
electricResidentalHeating,,DE,DE25,capaConvResi,100,,,,,,
electricResidentalHeating,,DE,DE26,capaConvResi,100,,,,,,
electricResidentalHeating,,DE,DE40,capaConvResi,100,,,,,,
electricResidentalHeating,,DE,DE50,capaConvResi,100,,,,,,
electricResidentalHeating,,DE,DE60,capaConvResi,100,,,,,,
electricResidentalHeating,,DE,DE71,capaConvResi,100,,,,,,
electricResidentalHeating,,DE,DE72,capaConvResi,100,,,,,,
electricResidentalHeating,,DE,DE73,capaConvResi,100,,,,,,
electricResidentalHeating,,DE,DE80,capaConvResi,100,,,,,,
electricResidentalHeating,,DE,DE91,capaConvResi,100,,,,,,
electricResidentalHeating,,DE,DE13,capaConvResi,100,,,,,,
electricResidentalHeating,,DE,DE24,capaConvResi,100,,,,,,
electricResidentalHeating,,DE,DE27,capaConvResi,100,,,,,,
electricResidentalHeating,,DE,DE14,capaConvResi,100,,,,,,
electricResidentalHeating,,DE,DE30,capaConvResi,100,,,,,,
electricIndustryHeating,,AT,AT,capaConvResi,100,,,,,,
electricIndustryHeating,,BE,BE,capaConvResi,100,,,,,,
electricIndustryHeating,,BG,BG,capaConvResi,100,,,,,,
electricIndustryHeating,,CH,CH,capaConvResi,100,,,,,,
electricIndustryHeating,,CZ,CZ,capaConvResi,100,,,,,,
electricIndustryHeating,,DK,DK,capaConvResi,100,,,,,,
electricIndustryHeating,,ES,ES,capaConvResi,100,,,,,,
electricIndustryHeating,,FI,FI,capaConvResi,100,,,,,,
electricIndustryHeating,,FR,FR,capaConvResi,100,,,,,,
electricIndustryHeating,,GR,GR,capaConvResi,100,,,,,,
electricIndustryHeating,,HR,HR,capaConvResi,100,,,,,,
electricIndustryHeating,,HU,HU,capaConvResi,100,,,,,,
electricIndustryHeating,,IE,IE,capaConvResi,100,,,,,,
electricIndustryHeating,,IT,IT,capaConvResi,100,,,,,,
electricIndustryHeating,,LU,LU,capaConvResi,100,,,,,,
electricIndustryHeating,,NL,NL,capaConvResi,100,,,,,,
electricIndustryHeating,,NO,NO,capaConvResi,100,,,,,,
electricIndustryHeating,,PL,PL,capaConvResi,100,,,,,,
electricIndustryHeating,,PT,PT,capaConvResi,100,,,,,,
electricIndustryHeating,,RO,RO,capaConvResi,100,,,,,,
electricIndustryHeating,,SE,SE,capaConvResi,100,,,,,,
electricIndustryHeating,,SI,SI,capaConvResi,100,,,,,,
electricIndustryHeating,,SK,SK,capaConvResi,100,,,,,,
electricIndustryHeating,,UK,UK,capaConvResi,100,,,,,,
electricIndustryHeating,,EE,EE,capaConvResi,100,,,,,,
electricIndustryHeating,,LT,LT,capaConvResi,100,,,,,,
electricIndustryHeating,,LV,LV,capaConvResi,100,,,,,,
electricIndustryHeating,,NONEU_Balkan,NONEU_Balkan,capaConvResi,100,,,,,,
electricIndustryHeating,,TR,TR,capaConvResi,100,,,,,,
electricIndustryHeating,,DE,DE11,capaConvResi,100,,,,,,
electricIndustryHeating,,DE,DE12,capaConvResi,100,,,,,,
electricIndustryHeating,,DE,DE94,capaConvResi,100,,,,,,
electricIndustryHeating,,DE,DEA1,capaConvResi,100,,,,,,
electricIndustryHeating,,DE,DEA4,capaConvResi,100,,,,,,
electricIndustryHeating,,DE,DEA5,capaConvResi,100,,,,,,
electricIndustryHeating,,DE,DEB3,capaConvResi,100,,,,,,
electricIndustryHeating,,DE,DED2,capaConvResi,100,,,,,,
electricIndustryHeating,,DE,DED4,capaConvResi,100,,,,,,
electricIndustryHeating,,DE,DED5,capaConvResi,100,,,,,,
electricIndustryHeating,,DE,DEE0,capaConvResi,100,,,,,,
electricIndustryHeating,,DE,DEF0,capaConvResi,100,,,,,,
electricIndustryHeating,,DE,DEG0,capaConvResi,100,,,,,,
electricIndustryHeating,,DE,DE92,capaConvResi,100,,,,,,
electricIndustryHeating,,DE,DE93,capaConvResi,100,,,,,,
electricIndustryHeating,,DE,DEA2,capaConvResi,100,,,,,,
electricIndustryHeating,,DE,DEB1,capaConvResi,100,,,,,,
electricIndustryHeating,,DE,DEC0_,capaConvResi,100,,,,,,
electricIndustryHeating,,DE,DEA3,capaConvResi,100,,,,,,
electricIndustryHeating,,DE,DEB2,capaConvResi,100,,,,,,
electricIndustryHeating,,DE,DE21,capaConvResi,100,,,,,,
electricIndustryHeating,,DE,DE22,capaConvResi,100,,,,,,
electricIndustryHeating,,DE,DE23,capaConvResi,100,,,,,,
electricIndustryHeating,,DE,DE25,capaConvResi,100,,,,,,
electricIndustryHeating,,DE,DE26,capaConvResi,100,,,,,,
electricIndustryHeating,,DE,DE40,capaConvResi,100,,,,,,
electricIndustryHeating,,DE,DE50,capaConvResi,100,,,,,,
electricIndustryHeating,,DE,DE60,capaConvResi,100,,,,,,
electricIndustryHeating,,DE,DE71,capaConvResi,100,,,,,,
electricIndustryHeating,,DE,DE72,capaConvResi,100,,,,,,
electricIndustryHeating,,DE,DE73,capaConvResi,100,,,,,,
electricIndustryHeating,,DE,DE80,capaConvResi,100,,,,,,
electricIndustryHeating,,DE,DE91,capaConvResi,100,,,,,,
electricIndustryHeating,,DE,DE13,capaConvResi,100,,,,,,
electricIndustryHeating,,DE,DE24,capaConvResi,100,,,,,,
electricIndustryHeating,,DE,DE27,capaConvResi,100,,,,,,
electricIndustryHeating,,DE,DE14,capaConvResi,100,,,,,,
electricIndustryHeating,,DE,DE30,capaConvResi,100,,,,,,
