technology_1,region_1,parameter,timestep_2,value
pumpedHydro,AT,stInflow,d001,7.846000000000003
pumpedHydro,CH,stInflow,d001,10.389999999999993
pumpedHydro,FR,stInflow,d001,12.716000000000003
pumpedHydro,IT,stInflow,d001,15.101999999999995
pumpedHydro,NO,stInflow,d001,24.7
pumpedHydro,SE,stInflow,d001,4.980000000000003
pumpedHydro,AT,stInflow,d002,7.846000000000003
pumpedHydro,CH,stInflow,d002,10.389999999999993
pumpedHydro,FR,stInflow,d002,12.716000000000003
pumpedHydro,IT,stInflow,d002,15.101999999999995
pumpedHydro,NO,stInflow,d002,24.7
pumpedHydro,SE,stInflow,d002,4.980000000000003
pumpedHydro,AT,stInflow,d003,7.846000000000003
pumpedHydro,CH,stInflow,d003,10.389999999999993
pumpedHydro,FR,stInflow,d003,12.716000000000003
pumpedHydro,IT,stInflow,d003,15.101999999999995
pumpedHydro,NO,stInflow,d003,24.7
pumpedHydro,SE,stInflow,d003,4.980000000000003
pumpedHydro,AT,stInflow,d004,7.846000000000003
pumpedHydro,CH,stInflow,d004,10.389999999999993
pumpedHydro,FR,stInflow,d004,12.716000000000003
pumpedHydro,IT,stInflow,d004,15.101999999999995
pumpedHydro,NO,stInflow,d004,24.7
pumpedHydro,SE,stInflow,d004,4.980000000000003
pumpedHydro,AT,stInflow,d005,7.846000000000003
pumpedHydro,CH,stInflow,d005,10.389999999999993
pumpedHydro,FR,stInflow,d005,12.716000000000003
pumpedHydro,IT,stInflow,d005,15.101999999999995
pumpedHydro,NO,stInflow,d005,24.7
pumpedHydro,SE,stInflow,d005,4.980000000000003
pumpedHydro,AT,stInflow,d006,7.846000000000003
pumpedHydro,CH,stInflow,d006,10.389999999999993
pumpedHydro,FR,stInflow,d006,12.716000000000003
pumpedHydro,IT,stInflow,d006,15.101999999999995
pumpedHydro,NO,stInflow,d006,24.7
pumpedHydro,SE,stInflow,d006,4.980000000000003
pumpedHydro,AT,stInflow,d007,7.846000000000003
pumpedHydro,CH,stInflow,d007,10.389999999999993
pumpedHydro,FR,stInflow,d007,12.716000000000003
pumpedHydro,IT,stInflow,d007,15.101999999999995
pumpedHydro,NO,stInflow,d007,24.7
pumpedHydro,SE,stInflow,d007,4.980000000000003
pumpedHydro,AT,stInflow,d008,7.846000000000003
pumpedHydro,CH,stInflow,d008,10.389999999999993
pumpedHydro,FR,stInflow,d008,12.716000000000003
pumpedHydro,IT,stInflow,d008,15.101999999999995
pumpedHydro,NO,stInflow,d008,24.7
pumpedHydro,SE,stInflow,d008,4.980000000000003
pumpedHydro,AT,stInflow,d009,7.846000000000003
pumpedHydro,CH,stInflow,d009,10.389999999999993
pumpedHydro,FR,stInflow,d009,12.716000000000003
pumpedHydro,IT,stInflow,d009,15.101999999999995
pumpedHydro,NO,stInflow,d009,24.7
pumpedHydro,SE,stInflow,d009,4.980000000000003
pumpedHydro,AT,stInflow,d010,7.846000000000003
pumpedHydro,CH,stInflow,d010,10.389999999999993
pumpedHydro,FR,stInflow,d010,12.716000000000003
pumpedHydro,IT,stInflow,d010,15.101999999999995
pumpedHydro,NO,stInflow,d010,24.7
pumpedHydro,SE,stInflow,d010,4.980000000000003
pumpedHydro,AT,stInflow,d011,7.846000000000003
pumpedHydro,CH,stInflow,d011,10.389999999999993
pumpedHydro,FR,stInflow,d011,12.716000000000003
pumpedHydro,IT,stInflow,d011,15.101999999999995
pumpedHydro,NO,stInflow,d011,24.7
pumpedHydro,SE,stInflow,d011,4.980000000000003
pumpedHydro,AT,stInflow,d012,7.846000000000003
pumpedHydro,CH,stInflow,d012,10.389999999999993
pumpedHydro,FR,stInflow,d012,12.716000000000003
pumpedHydro,IT,stInflow,d012,15.101999999999995
pumpedHydro,NO,stInflow,d012,24.7
pumpedHydro,SE,stInflow,d012,4.980000000000003
pumpedHydro,AT,stInflow,d013,7.846000000000003
pumpedHydro,CH,stInflow,d013,10.389999999999993
pumpedHydro,FR,stInflow,d013,12.716000000000003
pumpedHydro,IT,stInflow,d013,15.101999999999995
pumpedHydro,NO,stInflow,d013,24.7
pumpedHydro,SE,stInflow,d013,4.980000000000003
pumpedHydro,AT,stInflow,d014,7.846000000000003
pumpedHydro,CH,stInflow,d014,10.389999999999993
pumpedHydro,FR,stInflow,d014,12.716000000000003
pumpedHydro,IT,stInflow,d014,15.101999999999995
pumpedHydro,NO,stInflow,d014,24.7
pumpedHydro,SE,stInflow,d014,4.980000000000003
pumpedHydro,AT,stInflow,d015,7.846000000000003
pumpedHydro,CH,stInflow,d015,10.389999999999993
pumpedHydro,FR,stInflow,d015,12.716000000000003
pumpedHydro,IT,stInflow,d015,15.101999999999995
pumpedHydro,NO,stInflow,d015,24.7
pumpedHydro,SE,stInflow,d015,4.980000000000003
pumpedHydro,AT,stInflow,d016,7.846000000000003
pumpedHydro,CH,stInflow,d016,10.389999999999993
pumpedHydro,FR,stInflow,d016,12.716000000000003
pumpedHydro,IT,stInflow,d016,15.101999999999995
pumpedHydro,NO,stInflow,d016,24.7
pumpedHydro,SE,stInflow,d016,4.980000000000003
pumpedHydro,AT,stInflow,d017,7.846000000000003
pumpedHydro,CH,stInflow,d017,10.389999999999993
pumpedHydro,FR,stInflow,d017,12.716000000000003
pumpedHydro,IT,stInflow,d017,15.101999999999995
pumpedHydro,NO,stInflow,d017,24.7
pumpedHydro,SE,stInflow,d017,4.980000000000003
pumpedHydro,AT,stInflow,d018,7.846000000000003
pumpedHydro,CH,stInflow,d018,10.389999999999993
pumpedHydro,FR,stInflow,d018,12.716000000000003
pumpedHydro,IT,stInflow,d018,15.101999999999995
pumpedHydro,NO,stInflow,d018,24.7
pumpedHydro,SE,stInflow,d018,4.980000000000003
pumpedHydro,AT,stInflow,d019,7.846000000000003
pumpedHydro,CH,stInflow,d019,10.389999999999993
pumpedHydro,FR,stInflow,d019,12.716000000000003
pumpedHydro,IT,stInflow,d019,15.101999999999995
pumpedHydro,NO,stInflow,d019,24.7
pumpedHydro,SE,stInflow,d019,4.980000000000003
pumpedHydro,AT,stInflow,d020,7.846000000000003
pumpedHydro,CH,stInflow,d020,10.389999999999993
pumpedHydro,FR,stInflow,d020,12.716000000000003
pumpedHydro,IT,stInflow,d020,15.101999999999995
pumpedHydro,NO,stInflow,d020,24.7
pumpedHydro,SE,stInflow,d020,4.980000000000003
pumpedHydro,AT,stInflow,d021,7.846000000000003
pumpedHydro,CH,stInflow,d021,10.389999999999993
pumpedHydro,FR,stInflow,d021,12.716000000000003
pumpedHydro,IT,stInflow,d021,15.101999999999995
pumpedHydro,NO,stInflow,d021,24.7
pumpedHydro,SE,stInflow,d021,4.980000000000003
pumpedHydro,AT,stInflow,d022,7.846000000000003
pumpedHydro,CH,stInflow,d022,10.389999999999993
pumpedHydro,FR,stInflow,d022,12.716000000000003
pumpedHydro,IT,stInflow,d022,15.101999999999995
pumpedHydro,NO,stInflow,d022,24.7
pumpedHydro,SE,stInflow,d022,4.980000000000003
pumpedHydro,AT,stInflow,d023,7.846000000000003
pumpedHydro,CH,stInflow,d023,10.389999999999993
pumpedHydro,FR,stInflow,d023,12.716000000000003
pumpedHydro,IT,stInflow,d023,15.101999999999995
pumpedHydro,NO,stInflow,d023,24.7
pumpedHydro,SE,stInflow,d023,4.980000000000003
pumpedHydro,AT,stInflow,d024,7.846000000000003
pumpedHydro,CH,stInflow,d024,10.389999999999993
pumpedHydro,FR,stInflow,d024,12.716000000000003
pumpedHydro,IT,stInflow,d024,15.101999999999995
pumpedHydro,NO,stInflow,d024,24.7
pumpedHydro,SE,stInflow,d024,4.980000000000003
pumpedHydro,AT,stInflow,d025,7.846000000000003
pumpedHydro,CH,stInflow,d025,10.389999999999993
pumpedHydro,FR,stInflow,d025,12.716000000000003
pumpedHydro,IT,stInflow,d025,15.101999999999995
pumpedHydro,NO,stInflow,d025,24.7
pumpedHydro,SE,stInflow,d025,4.980000000000003
pumpedHydro,AT,stInflow,d026,7.846000000000003
pumpedHydro,CH,stInflow,d026,10.389999999999993
pumpedHydro,FR,stInflow,d026,12.716000000000003
pumpedHydro,IT,stInflow,d026,15.101999999999995
pumpedHydro,NO,stInflow,d026,24.7
pumpedHydro,SE,stInflow,d026,4.980000000000003
pumpedHydro,AT,stInflow,d027,7.846000000000003
pumpedHydro,CH,stInflow,d027,10.389999999999993
pumpedHydro,FR,stInflow,d027,12.716000000000003
pumpedHydro,IT,stInflow,d027,15.101999999999995
pumpedHydro,NO,stInflow,d027,24.7
pumpedHydro,SE,stInflow,d027,4.980000000000003
pumpedHydro,AT,stInflow,d028,7.846000000000003
pumpedHydro,CH,stInflow,d028,10.389999999999993
pumpedHydro,FR,stInflow,d028,12.716000000000003
pumpedHydro,IT,stInflow,d028,15.101999999999995
pumpedHydro,NO,stInflow,d028,24.7
pumpedHydro,SE,stInflow,d028,4.980000000000003
pumpedHydro,AT,stInflow,d029,7.846000000000003
pumpedHydro,CH,stInflow,d029,10.389999999999993
pumpedHydro,FR,stInflow,d029,12.716000000000003
pumpedHydro,IT,stInflow,d029,15.101999999999995
pumpedHydro,NO,stInflow,d029,24.7
pumpedHydro,SE,stInflow,d029,4.980000000000003
pumpedHydro,AT,stInflow,d030,7.846000000000003
pumpedHydro,CH,stInflow,d030,10.389999999999993
pumpedHydro,FR,stInflow,d030,12.716000000000003
pumpedHydro,IT,stInflow,d030,15.101999999999995
pumpedHydro,NO,stInflow,d030,24.7
pumpedHydro,SE,stInflow,d030,4.980000000000003
pumpedHydro,AT,stInflow,d031,7.846000000000003
pumpedHydro,CH,stInflow,d031,10.389999999999993
pumpedHydro,FR,stInflow,d031,12.716000000000003
pumpedHydro,IT,stInflow,d031,15.101999999999995
pumpedHydro,NO,stInflow,d031,24.7
pumpedHydro,SE,stInflow,d031,4.980000000000003
pumpedHydro,AT,stInflow,d032,7.846000000000003
pumpedHydro,CH,stInflow,d032,10.389999999999993
pumpedHydro,FR,stInflow,d032,12.716000000000003
pumpedHydro,IT,stInflow,d032,15.101999999999995
pumpedHydro,NO,stInflow,d032,24.7
pumpedHydro,SE,stInflow,d032,4.980000000000003
pumpedHydro,AT,stInflow,d033,7.846000000000003
pumpedHydro,CH,stInflow,d033,10.389999999999993
pumpedHydro,FR,stInflow,d033,12.716000000000003
pumpedHydro,IT,stInflow,d033,15.101999999999995
pumpedHydro,NO,stInflow,d033,24.7
pumpedHydro,SE,stInflow,d033,4.980000000000003
pumpedHydro,AT,stInflow,d034,7.846000000000003
pumpedHydro,CH,stInflow,d034,10.389999999999993
pumpedHydro,FR,stInflow,d034,12.716000000000003
pumpedHydro,IT,stInflow,d034,15.101999999999995
pumpedHydro,NO,stInflow,d034,24.7
pumpedHydro,SE,stInflow,d034,4.980000000000003
pumpedHydro,AT,stInflow,d035,7.846000000000003
pumpedHydro,CH,stInflow,d035,10.389999999999993
pumpedHydro,FR,stInflow,d035,12.716000000000003
pumpedHydro,IT,stInflow,d035,15.101999999999995
pumpedHydro,NO,stInflow,d035,24.7
pumpedHydro,SE,stInflow,d035,4.980000000000003
pumpedHydro,AT,stInflow,d036,7.846000000000003
pumpedHydro,CH,stInflow,d036,10.389999999999993
pumpedHydro,FR,stInflow,d036,12.716000000000003
pumpedHydro,IT,stInflow,d036,15.101999999999995
pumpedHydro,NO,stInflow,d036,24.7
pumpedHydro,SE,stInflow,d036,4.980000000000003
pumpedHydro,AT,stInflow,d037,7.846000000000003
pumpedHydro,CH,stInflow,d037,10.389999999999993
pumpedHydro,FR,stInflow,d037,12.716000000000003
pumpedHydro,IT,stInflow,d037,15.101999999999995
pumpedHydro,NO,stInflow,d037,24.7
pumpedHydro,SE,stInflow,d037,4.980000000000003
pumpedHydro,AT,stInflow,d038,7.846000000000003
pumpedHydro,CH,stInflow,d038,10.389999999999993
pumpedHydro,FR,stInflow,d038,12.716000000000003
pumpedHydro,IT,stInflow,d038,15.101999999999995
pumpedHydro,NO,stInflow,d038,24.7
pumpedHydro,SE,stInflow,d038,4.980000000000003
pumpedHydro,AT,stInflow,d039,7.846000000000003
pumpedHydro,CH,stInflow,d039,10.389999999999993
pumpedHydro,FR,stInflow,d039,12.716000000000003
pumpedHydro,IT,stInflow,d039,15.101999999999995
pumpedHydro,NO,stInflow,d039,24.7
pumpedHydro,SE,stInflow,d039,4.980000000000003
pumpedHydro,AT,stInflow,d040,7.846000000000003
pumpedHydro,CH,stInflow,d040,10.389999999999993
pumpedHydro,FR,stInflow,d040,12.716000000000003
pumpedHydro,IT,stInflow,d040,15.101999999999995
pumpedHydro,NO,stInflow,d040,24.7
pumpedHydro,SE,stInflow,d040,4.980000000000003
pumpedHydro,AT,stInflow,d041,7.846000000000003
pumpedHydro,CH,stInflow,d041,10.389999999999993
pumpedHydro,FR,stInflow,d041,12.716000000000003
pumpedHydro,IT,stInflow,d041,15.101999999999995
pumpedHydro,NO,stInflow,d041,24.7
pumpedHydro,SE,stInflow,d041,4.980000000000003
pumpedHydro,AT,stInflow,d042,7.846000000000003
pumpedHydro,CH,stInflow,d042,10.389999999999993
pumpedHydro,FR,stInflow,d042,12.716000000000003
pumpedHydro,IT,stInflow,d042,15.101999999999995
pumpedHydro,NO,stInflow,d042,24.7
pumpedHydro,SE,stInflow,d042,4.980000000000003
pumpedHydro,AT,stInflow,d043,7.846000000000003
pumpedHydro,CH,stInflow,d043,10.389999999999993
pumpedHydro,FR,stInflow,d043,12.716000000000003
pumpedHydro,IT,stInflow,d043,15.101999999999995
pumpedHydro,NO,stInflow,d043,24.7
pumpedHydro,SE,stInflow,d043,4.980000000000003
pumpedHydro,AT,stInflow,d044,7.846000000000003
pumpedHydro,CH,stInflow,d044,10.389999999999993
pumpedHydro,FR,stInflow,d044,12.716000000000003
pumpedHydro,IT,stInflow,d044,15.101999999999995
pumpedHydro,NO,stInflow,d044,24.7
pumpedHydro,SE,stInflow,d044,4.980000000000003
pumpedHydro,AT,stInflow,d045,7.846000000000003
pumpedHydro,CH,stInflow,d045,10.389999999999993
pumpedHydro,FR,stInflow,d045,12.716000000000003
pumpedHydro,IT,stInflow,d045,15.101999999999995
pumpedHydro,NO,stInflow,d045,24.7
pumpedHydro,SE,stInflow,d045,4.980000000000003
pumpedHydro,AT,stInflow,d046,7.846000000000003
pumpedHydro,CH,stInflow,d046,10.389999999999993
pumpedHydro,FR,stInflow,d046,12.716000000000003
pumpedHydro,IT,stInflow,d046,15.101999999999995
pumpedHydro,NO,stInflow,d046,24.7
pumpedHydro,SE,stInflow,d046,4.980000000000003
pumpedHydro,AT,stInflow,d047,7.846000000000003
pumpedHydro,CH,stInflow,d047,10.389999999999993
pumpedHydro,FR,stInflow,d047,12.716000000000003
pumpedHydro,IT,stInflow,d047,15.101999999999995
pumpedHydro,NO,stInflow,d047,24.7
pumpedHydro,SE,stInflow,d047,4.980000000000003
pumpedHydro,AT,stInflow,d048,7.846000000000003
pumpedHydro,CH,stInflow,d048,10.389999999999993
pumpedHydro,FR,stInflow,d048,12.716000000000003
pumpedHydro,IT,stInflow,d048,15.101999999999995
pumpedHydro,NO,stInflow,d048,24.7
pumpedHydro,SE,stInflow,d048,4.980000000000003
pumpedHydro,AT,stInflow,d049,7.846000000000003
pumpedHydro,CH,stInflow,d049,10.389999999999993
pumpedHydro,FR,stInflow,d049,12.716000000000003
pumpedHydro,IT,stInflow,d049,15.101999999999995
pumpedHydro,NO,stInflow,d049,24.7
pumpedHydro,SE,stInflow,d049,4.980000000000003
pumpedHydro,AT,stInflow,d050,7.846000000000003
pumpedHydro,CH,stInflow,d050,10.389999999999993
pumpedHydro,FR,stInflow,d050,12.716000000000003
pumpedHydro,IT,stInflow,d050,15.101999999999995
pumpedHydro,NO,stInflow,d050,24.7
pumpedHydro,SE,stInflow,d050,4.980000000000003
pumpedHydro,AT,stInflow,d051,7.846000000000003
pumpedHydro,CH,stInflow,d051,10.389999999999993
pumpedHydro,FR,stInflow,d051,12.716000000000003
pumpedHydro,IT,stInflow,d051,15.101999999999995
pumpedHydro,NO,stInflow,d051,24.7
pumpedHydro,SE,stInflow,d051,4.980000000000003
pumpedHydro,AT,stInflow,d052,7.846000000000003
pumpedHydro,CH,stInflow,d052,10.389999999999993
pumpedHydro,FR,stInflow,d052,12.716000000000003
pumpedHydro,IT,stInflow,d052,15.101999999999995
pumpedHydro,NO,stInflow,d052,24.7
pumpedHydro,SE,stInflow,d052,4.980000000000003
pumpedHydro,AT,stInflow,d053,7.846000000000003
pumpedHydro,CH,stInflow,d053,10.389999999999993
pumpedHydro,FR,stInflow,d053,12.716000000000003
pumpedHydro,IT,stInflow,d053,15.101999999999995
pumpedHydro,NO,stInflow,d053,24.7
pumpedHydro,SE,stInflow,d053,4.980000000000003
pumpedHydro,AT,stInflow,d054,7.846000000000003
pumpedHydro,CH,stInflow,d054,10.389999999999993
pumpedHydro,FR,stInflow,d054,12.716000000000003
pumpedHydro,IT,stInflow,d054,15.101999999999995
pumpedHydro,NO,stInflow,d054,24.7
pumpedHydro,SE,stInflow,d054,4.980000000000003
pumpedHydro,AT,stInflow,d055,7.846000000000003
pumpedHydro,CH,stInflow,d055,10.389999999999993
pumpedHydro,FR,stInflow,d055,12.716000000000003
pumpedHydro,IT,stInflow,d055,15.101999999999995
pumpedHydro,NO,stInflow,d055,24.7
pumpedHydro,SE,stInflow,d055,4.980000000000003
pumpedHydro,AT,stInflow,d056,7.846000000000003
pumpedHydro,CH,stInflow,d056,10.389999999999993
pumpedHydro,FR,stInflow,d056,12.716000000000003
pumpedHydro,IT,stInflow,d056,15.101999999999995
pumpedHydro,NO,stInflow,d056,24.7
pumpedHydro,SE,stInflow,d056,4.980000000000003
pumpedHydro,AT,stInflow,d057,7.846000000000003
pumpedHydro,CH,stInflow,d057,10.389999999999993
pumpedHydro,FR,stInflow,d057,12.716000000000003
pumpedHydro,IT,stInflow,d057,15.101999999999995
pumpedHydro,NO,stInflow,d057,24.7
pumpedHydro,SE,stInflow,d057,4.980000000000003
pumpedHydro,AT,stInflow,d058,7.846000000000003
pumpedHydro,CH,stInflow,d058,10.389999999999993
pumpedHydro,FR,stInflow,d058,12.716000000000003
pumpedHydro,IT,stInflow,d058,15.101999999999995
pumpedHydro,NO,stInflow,d058,24.7
pumpedHydro,SE,stInflow,d058,4.980000000000003
pumpedHydro,AT,stInflow,d059,7.846000000000003
pumpedHydro,CH,stInflow,d059,10.389999999999993
pumpedHydro,FR,stInflow,d059,12.716000000000003
pumpedHydro,IT,stInflow,d059,15.101999999999995
pumpedHydro,NO,stInflow,d059,24.7
pumpedHydro,SE,stInflow,d059,4.980000000000003
pumpedHydro,AT,stInflow,d060,7.846000000000003
pumpedHydro,CH,stInflow,d060,10.389999999999993
pumpedHydro,FR,stInflow,d060,12.716000000000003
pumpedHydro,IT,stInflow,d060,15.101999999999995
pumpedHydro,NO,stInflow,d060,24.7
pumpedHydro,SE,stInflow,d060,4.980000000000003
pumpedHydro,AT,stInflow,d061,7.846000000000003
pumpedHydro,CH,stInflow,d061,10.389999999999993
pumpedHydro,FR,stInflow,d061,12.716000000000003
pumpedHydro,IT,stInflow,d061,15.101999999999995
pumpedHydro,NO,stInflow,d061,24.7
pumpedHydro,SE,stInflow,d061,4.980000000000003
pumpedHydro,AT,stInflow,d062,7.846000000000003
pumpedHydro,CH,stInflow,d062,10.389999999999993
pumpedHydro,FR,stInflow,d062,12.716000000000003
pumpedHydro,IT,stInflow,d062,15.101999999999995
pumpedHydro,NO,stInflow,d062,24.7
pumpedHydro,SE,stInflow,d062,4.980000000000003
pumpedHydro,AT,stInflow,d063,7.846000000000003
pumpedHydro,CH,stInflow,d063,10.389999999999993
pumpedHydro,FR,stInflow,d063,12.716000000000003
pumpedHydro,IT,stInflow,d063,15.101999999999995
pumpedHydro,NO,stInflow,d063,24.7
pumpedHydro,SE,stInflow,d063,4.980000000000003
pumpedHydro,AT,stInflow,d064,7.846000000000003
pumpedHydro,CH,stInflow,d064,10.389999999999993
pumpedHydro,FR,stInflow,d064,12.716000000000003
pumpedHydro,IT,stInflow,d064,15.101999999999995
pumpedHydro,NO,stInflow,d064,24.7
pumpedHydro,SE,stInflow,d064,4.980000000000003
pumpedHydro,AT,stInflow,d065,7.846000000000003
pumpedHydro,CH,stInflow,d065,10.389999999999993
pumpedHydro,FR,stInflow,d065,12.716000000000003
pumpedHydro,IT,stInflow,d065,15.101999999999995
pumpedHydro,NO,stInflow,d065,24.7
pumpedHydro,SE,stInflow,d065,4.980000000000003
pumpedHydro,AT,stInflow,d066,7.846000000000003
pumpedHydro,CH,stInflow,d066,10.389999999999993
pumpedHydro,FR,stInflow,d066,12.716000000000003
pumpedHydro,IT,stInflow,d066,15.101999999999995
pumpedHydro,NO,stInflow,d066,24.7
pumpedHydro,SE,stInflow,d066,4.980000000000003
pumpedHydro,AT,stInflow,d067,7.846000000000003
pumpedHydro,CH,stInflow,d067,10.389999999999993
pumpedHydro,FR,stInflow,d067,12.716000000000003
pumpedHydro,IT,stInflow,d067,15.101999999999995
pumpedHydro,NO,stInflow,d067,24.7
pumpedHydro,SE,stInflow,d067,4.980000000000003
pumpedHydro,AT,stInflow,d068,7.846000000000003
pumpedHydro,CH,stInflow,d068,10.389999999999993
pumpedHydro,FR,stInflow,d068,12.716000000000003
pumpedHydro,IT,stInflow,d068,15.101999999999995
pumpedHydro,NO,stInflow,d068,24.7
pumpedHydro,SE,stInflow,d068,4.980000000000003
pumpedHydro,AT,stInflow,d069,7.846000000000003
pumpedHydro,CH,stInflow,d069,10.389999999999993
pumpedHydro,FR,stInflow,d069,12.716000000000003
pumpedHydro,IT,stInflow,d069,15.101999999999995
pumpedHydro,NO,stInflow,d069,24.7
pumpedHydro,SE,stInflow,d069,4.980000000000003
pumpedHydro,AT,stInflow,d070,7.846000000000003
pumpedHydro,CH,stInflow,d070,10.389999999999993
pumpedHydro,FR,stInflow,d070,12.716000000000003
pumpedHydro,IT,stInflow,d070,15.101999999999995
pumpedHydro,NO,stInflow,d070,24.7
pumpedHydro,SE,stInflow,d070,4.980000000000003
pumpedHydro,AT,stInflow,d071,7.846000000000003
pumpedHydro,CH,stInflow,d071,10.389999999999993
pumpedHydro,FR,stInflow,d071,12.716000000000003
pumpedHydro,IT,stInflow,d071,15.101999999999995
pumpedHydro,NO,stInflow,d071,24.7
pumpedHydro,SE,stInflow,d071,4.980000000000003
pumpedHydro,AT,stInflow,d072,7.846000000000003
pumpedHydro,CH,stInflow,d072,10.389999999999993
pumpedHydro,FR,stInflow,d072,12.716000000000003
pumpedHydro,IT,stInflow,d072,15.101999999999995
pumpedHydro,NO,stInflow,d072,24.7
pumpedHydro,SE,stInflow,d072,4.980000000000003
pumpedHydro,AT,stInflow,d073,7.846000000000003
pumpedHydro,CH,stInflow,d073,10.389999999999993
pumpedHydro,FR,stInflow,d073,12.716000000000003
pumpedHydro,IT,stInflow,d073,15.101999999999995
pumpedHydro,NO,stInflow,d073,24.7
pumpedHydro,SE,stInflow,d073,4.980000000000003
pumpedHydro,AT,stInflow,d074,7.846000000000003
pumpedHydro,CH,stInflow,d074,10.389999999999993
pumpedHydro,FR,stInflow,d074,12.716000000000003
pumpedHydro,IT,stInflow,d074,15.101999999999995
pumpedHydro,NO,stInflow,d074,24.7
pumpedHydro,SE,stInflow,d074,4.980000000000003
pumpedHydro,AT,stInflow,d075,7.846000000000003
pumpedHydro,CH,stInflow,d075,10.389999999999993
pumpedHydro,FR,stInflow,d075,12.716000000000003
pumpedHydro,IT,stInflow,d075,15.101999999999995
pumpedHydro,NO,stInflow,d075,24.7
pumpedHydro,SE,stInflow,d075,4.980000000000003
pumpedHydro,AT,stInflow,d076,7.846000000000003
pumpedHydro,CH,stInflow,d076,10.389999999999993
pumpedHydro,FR,stInflow,d076,12.716000000000003
pumpedHydro,IT,stInflow,d076,15.101999999999995
pumpedHydro,NO,stInflow,d076,24.7
pumpedHydro,SE,stInflow,d076,4.980000000000003
pumpedHydro,AT,stInflow,d077,7.846000000000003
pumpedHydro,CH,stInflow,d077,10.389999999999993
pumpedHydro,FR,stInflow,d077,12.716000000000003
pumpedHydro,IT,stInflow,d077,15.101999999999995
pumpedHydro,NO,stInflow,d077,24.7
pumpedHydro,SE,stInflow,d077,4.980000000000003
pumpedHydro,AT,stInflow,d078,7.846000000000003
pumpedHydro,CH,stInflow,d078,10.389999999999993
pumpedHydro,FR,stInflow,d078,12.716000000000003
pumpedHydro,IT,stInflow,d078,15.101999999999995
pumpedHydro,NO,stInflow,d078,24.7
pumpedHydro,SE,stInflow,d078,4.980000000000003
pumpedHydro,AT,stInflow,d079,7.846000000000003
pumpedHydro,CH,stInflow,d079,10.389999999999993
pumpedHydro,FR,stInflow,d079,12.716000000000003
pumpedHydro,IT,stInflow,d079,15.101999999999995
pumpedHydro,NO,stInflow,d079,24.7
pumpedHydro,SE,stInflow,d079,4.980000000000003
pumpedHydro,AT,stInflow,d080,7.846000000000003
pumpedHydro,CH,stInflow,d080,10.389999999999993
pumpedHydro,FR,stInflow,d080,12.716000000000003
pumpedHydro,IT,stInflow,d080,15.101999999999995
pumpedHydro,NO,stInflow,d080,24.7
pumpedHydro,SE,stInflow,d080,4.980000000000003
pumpedHydro,AT,stInflow,d081,7.846000000000003
pumpedHydro,CH,stInflow,d081,10.389999999999993
pumpedHydro,FR,stInflow,d081,12.716000000000003
pumpedHydro,IT,stInflow,d081,15.101999999999995
pumpedHydro,NO,stInflow,d081,24.7
pumpedHydro,SE,stInflow,d081,4.980000000000003
pumpedHydro,AT,stInflow,d082,7.846000000000003
pumpedHydro,CH,stInflow,d082,10.389999999999993
pumpedHydro,FR,stInflow,d082,12.716000000000003
pumpedHydro,IT,stInflow,d082,15.101999999999995
pumpedHydro,NO,stInflow,d082,24.7
pumpedHydro,SE,stInflow,d082,4.980000000000003
pumpedHydro,AT,stInflow,d083,7.846000000000003
pumpedHydro,CH,stInflow,d083,10.389999999999993
pumpedHydro,FR,stInflow,d083,12.716000000000003
pumpedHydro,IT,stInflow,d083,15.101999999999995
pumpedHydro,NO,stInflow,d083,24.7
pumpedHydro,SE,stInflow,d083,4.980000000000003
pumpedHydro,AT,stInflow,d084,7.846000000000003
pumpedHydro,CH,stInflow,d084,10.389999999999993
pumpedHydro,FR,stInflow,d084,12.716000000000003
pumpedHydro,IT,stInflow,d084,15.101999999999995
pumpedHydro,NO,stInflow,d084,24.7
pumpedHydro,SE,stInflow,d084,4.980000000000003
pumpedHydro,AT,stInflow,d085,7.846000000000003
pumpedHydro,CH,stInflow,d085,10.389999999999993
pumpedHydro,FR,stInflow,d085,12.716000000000003
pumpedHydro,IT,stInflow,d085,15.101999999999995
pumpedHydro,NO,stInflow,d085,24.7
pumpedHydro,SE,stInflow,d085,4.980000000000003
pumpedHydro,AT,stInflow,d086,7.846000000000003
pumpedHydro,CH,stInflow,d086,10.389999999999993
pumpedHydro,FR,stInflow,d086,12.716000000000003
pumpedHydro,IT,stInflow,d086,15.101999999999995
pumpedHydro,NO,stInflow,d086,24.7
pumpedHydro,SE,stInflow,d086,4.980000000000003
pumpedHydro,AT,stInflow,d087,7.846000000000003
pumpedHydro,CH,stInflow,d087,10.389999999999993
pumpedHydro,FR,stInflow,d087,12.716000000000003
pumpedHydro,IT,stInflow,d087,15.101999999999995
pumpedHydro,NO,stInflow,d087,24.7
pumpedHydro,SE,stInflow,d087,4.980000000000003
pumpedHydro,AT,stInflow,d088,7.846000000000003
pumpedHydro,CH,stInflow,d088,10.389999999999993
pumpedHydro,FR,stInflow,d088,12.716000000000003
pumpedHydro,IT,stInflow,d088,15.101999999999995
pumpedHydro,NO,stInflow,d088,24.7
pumpedHydro,SE,stInflow,d088,4.980000000000003
pumpedHydro,AT,stInflow,d089,7.846000000000003
pumpedHydro,CH,stInflow,d089,10.389999999999993
pumpedHydro,FR,stInflow,d089,12.716000000000003
pumpedHydro,IT,stInflow,d089,15.101999999999995
pumpedHydro,NO,stInflow,d089,24.7
pumpedHydro,SE,stInflow,d089,4.980000000000003
pumpedHydro,AT,stInflow,d090,7.846000000000003
pumpedHydro,CH,stInflow,d090,10.389999999999993
pumpedHydro,FR,stInflow,d090,12.716000000000003
pumpedHydro,IT,stInflow,d090,15.101999999999995
pumpedHydro,NO,stInflow,d090,24.7
pumpedHydro,SE,stInflow,d090,4.980000000000003
pumpedHydro,AT,stInflow,d091,7.846000000000003
pumpedHydro,CH,stInflow,d091,10.389999999999993
pumpedHydro,FR,stInflow,d091,12.716000000000003
pumpedHydro,IT,stInflow,d091,15.101999999999995
pumpedHydro,NO,stInflow,d091,24.7
pumpedHydro,SE,stInflow,d091,4.980000000000003
pumpedHydro,AT,stInflow,d092,7.846000000000003
pumpedHydro,CH,stInflow,d092,10.389999999999993
pumpedHydro,FR,stInflow,d092,12.716000000000003
pumpedHydro,IT,stInflow,d092,15.101999999999995
pumpedHydro,NO,stInflow,d092,24.7
pumpedHydro,SE,stInflow,d092,4.980000000000003
pumpedHydro,AT,stInflow,d093,7.846000000000003
pumpedHydro,CH,stInflow,d093,10.389999999999993
pumpedHydro,FR,stInflow,d093,12.716000000000003
pumpedHydro,IT,stInflow,d093,15.101999999999995
pumpedHydro,NO,stInflow,d093,24.7
pumpedHydro,SE,stInflow,d093,4.980000000000003
pumpedHydro,AT,stInflow,d094,7.846000000000003
pumpedHydro,CH,stInflow,d094,10.389999999999993
pumpedHydro,FR,stInflow,d094,12.716000000000003
pumpedHydro,IT,stInflow,d094,15.101999999999995
pumpedHydro,NO,stInflow,d094,24.7
pumpedHydro,SE,stInflow,d094,4.980000000000003
pumpedHydro,AT,stInflow,d095,7.846000000000003
pumpedHydro,CH,stInflow,d095,10.389999999999993
pumpedHydro,FR,stInflow,d095,12.716000000000003
pumpedHydro,IT,stInflow,d095,15.101999999999995
pumpedHydro,NO,stInflow,d095,24.7
pumpedHydro,SE,stInflow,d095,4.980000000000003
pumpedHydro,AT,stInflow,d096,7.846000000000003
pumpedHydro,CH,stInflow,d096,10.389999999999993
pumpedHydro,FR,stInflow,d096,12.716000000000003
pumpedHydro,IT,stInflow,d096,15.101999999999995
pumpedHydro,NO,stInflow,d096,24.7
pumpedHydro,SE,stInflow,d096,4.980000000000003
pumpedHydro,AT,stInflow,d097,7.846000000000003
pumpedHydro,CH,stInflow,d097,10.389999999999993
pumpedHydro,FR,stInflow,d097,12.716000000000003
pumpedHydro,IT,stInflow,d097,15.101999999999995
pumpedHydro,NO,stInflow,d097,24.7
pumpedHydro,SE,stInflow,d097,4.980000000000003
pumpedHydro,AT,stInflow,d098,7.846000000000003
pumpedHydro,CH,stInflow,d098,10.389999999999993
pumpedHydro,FR,stInflow,d098,12.716000000000003
pumpedHydro,IT,stInflow,d098,15.101999999999995
pumpedHydro,NO,stInflow,d098,24.7
pumpedHydro,SE,stInflow,d098,4.980000000000003
pumpedHydro,AT,stInflow,d099,7.846000000000003
pumpedHydro,CH,stInflow,d099,10.389999999999993
pumpedHydro,FR,stInflow,d099,12.716000000000003
pumpedHydro,IT,stInflow,d099,15.101999999999995
pumpedHydro,NO,stInflow,d099,24.7
pumpedHydro,SE,stInflow,d099,4.980000000000003
pumpedHydro,AT,stInflow,d100,7.846000000000003
pumpedHydro,CH,stInflow,d100,10.389999999999993
pumpedHydro,FR,stInflow,d100,12.716000000000003
pumpedHydro,IT,stInflow,d100,15.101999999999995
pumpedHydro,NO,stInflow,d100,24.7
pumpedHydro,SE,stInflow,d100,4.980000000000003
pumpedHydro,AT,stInflow,d101,7.846000000000003
pumpedHydro,CH,stInflow,d101,10.389999999999993
pumpedHydro,FR,stInflow,d101,12.716000000000003
pumpedHydro,IT,stInflow,d101,15.101999999999995
pumpedHydro,NO,stInflow,d101,24.7
pumpedHydro,SE,stInflow,d101,4.980000000000003
pumpedHydro,AT,stInflow,d102,7.846000000000003
pumpedHydro,CH,stInflow,d102,10.389999999999993
pumpedHydro,FR,stInflow,d102,12.716000000000003
pumpedHydro,IT,stInflow,d102,15.101999999999995
pumpedHydro,NO,stInflow,d102,24.7
pumpedHydro,SE,stInflow,d102,4.980000000000003
pumpedHydro,AT,stInflow,d103,7.846000000000003
pumpedHydro,CH,stInflow,d103,10.389999999999993
pumpedHydro,FR,stInflow,d103,12.716000000000003
pumpedHydro,IT,stInflow,d103,15.101999999999995
pumpedHydro,NO,stInflow,d103,24.7
pumpedHydro,SE,stInflow,d103,4.980000000000003
pumpedHydro,AT,stInflow,d104,7.846000000000003
pumpedHydro,CH,stInflow,d104,10.389999999999993
pumpedHydro,FR,stInflow,d104,12.716000000000003
pumpedHydro,IT,stInflow,d104,15.101999999999995
pumpedHydro,NO,stInflow,d104,24.7
pumpedHydro,SE,stInflow,d104,4.980000000000003
pumpedHydro,AT,stInflow,d105,7.846000000000003
pumpedHydro,CH,stInflow,d105,10.389999999999993
pumpedHydro,FR,stInflow,d105,12.716000000000003
pumpedHydro,IT,stInflow,d105,15.101999999999995
pumpedHydro,NO,stInflow,d105,24.7
pumpedHydro,SE,stInflow,d105,4.980000000000003
pumpedHydro,AT,stInflow,d106,7.846000000000003
pumpedHydro,CH,stInflow,d106,10.389999999999993
pumpedHydro,FR,stInflow,d106,12.716000000000003
pumpedHydro,IT,stInflow,d106,15.101999999999995
pumpedHydro,NO,stInflow,d106,24.7
pumpedHydro,SE,stInflow,d106,4.980000000000003
pumpedHydro,AT,stInflow,d107,7.846000000000003
pumpedHydro,CH,stInflow,d107,10.389999999999993
pumpedHydro,FR,stInflow,d107,12.716000000000003
pumpedHydro,IT,stInflow,d107,15.101999999999995
pumpedHydro,NO,stInflow,d107,24.7
pumpedHydro,SE,stInflow,d107,4.980000000000003
pumpedHydro,AT,stInflow,d108,7.846000000000003
pumpedHydro,CH,stInflow,d108,10.389999999999993
pumpedHydro,FR,stInflow,d108,12.716000000000003
pumpedHydro,IT,stInflow,d108,15.101999999999995
pumpedHydro,NO,stInflow,d108,24.7
pumpedHydro,SE,stInflow,d108,4.980000000000003
pumpedHydro,AT,stInflow,d109,7.846000000000003
pumpedHydro,CH,stInflow,d109,10.389999999999993
pumpedHydro,FR,stInflow,d109,12.716000000000003
pumpedHydro,IT,stInflow,d109,15.101999999999995
pumpedHydro,NO,stInflow,d109,24.7
pumpedHydro,SE,stInflow,d109,4.980000000000003
pumpedHydro,AT,stInflow,d110,7.846000000000003
pumpedHydro,CH,stInflow,d110,10.389999999999993
pumpedHydro,FR,stInflow,d110,12.716000000000003
pumpedHydro,IT,stInflow,d110,15.101999999999995
pumpedHydro,NO,stInflow,d110,24.7
pumpedHydro,SE,stInflow,d110,4.980000000000003
pumpedHydro,AT,stInflow,d111,7.846000000000003
pumpedHydro,CH,stInflow,d111,10.389999999999993
pumpedHydro,FR,stInflow,d111,12.716000000000003
pumpedHydro,IT,stInflow,d111,15.101999999999995
pumpedHydro,NO,stInflow,d111,24.7
pumpedHydro,SE,stInflow,d111,4.980000000000003
pumpedHydro,AT,stInflow,d112,7.846000000000003
pumpedHydro,CH,stInflow,d112,10.389999999999993
pumpedHydro,FR,stInflow,d112,12.716000000000003
pumpedHydro,IT,stInflow,d112,15.101999999999995
pumpedHydro,NO,stInflow,d112,24.7
pumpedHydro,SE,stInflow,d112,4.980000000000003
pumpedHydro,AT,stInflow,d113,7.846000000000003
pumpedHydro,CH,stInflow,d113,10.389999999999993
pumpedHydro,FR,stInflow,d113,12.716000000000003
pumpedHydro,IT,stInflow,d113,15.101999999999995
pumpedHydro,NO,stInflow,d113,24.7
pumpedHydro,SE,stInflow,d113,4.980000000000003
pumpedHydro,AT,stInflow,d114,7.846000000000003
pumpedHydro,CH,stInflow,d114,10.389999999999993
pumpedHydro,FR,stInflow,d114,12.716000000000003
pumpedHydro,IT,stInflow,d114,15.101999999999995
pumpedHydro,NO,stInflow,d114,24.7
pumpedHydro,SE,stInflow,d114,4.980000000000003
pumpedHydro,AT,stInflow,d115,7.846000000000003
pumpedHydro,CH,stInflow,d115,10.389999999999993
pumpedHydro,FR,stInflow,d115,12.716000000000003
pumpedHydro,IT,stInflow,d115,15.101999999999995
pumpedHydro,NO,stInflow,d115,24.7
pumpedHydro,SE,stInflow,d115,4.980000000000003
pumpedHydro,AT,stInflow,d116,7.846000000000003
pumpedHydro,CH,stInflow,d116,10.389999999999993
pumpedHydro,FR,stInflow,d116,12.716000000000003
pumpedHydro,IT,stInflow,d116,15.101999999999995
pumpedHydro,NO,stInflow,d116,24.7
pumpedHydro,SE,stInflow,d116,4.980000000000003
pumpedHydro,AT,stInflow,d117,7.846000000000003
pumpedHydro,CH,stInflow,d117,10.389999999999993
pumpedHydro,FR,stInflow,d117,12.716000000000003
pumpedHydro,IT,stInflow,d117,15.101999999999995
pumpedHydro,NO,stInflow,d117,24.7
pumpedHydro,SE,stInflow,d117,4.980000000000003
pumpedHydro,AT,stInflow,d118,7.846000000000003
pumpedHydro,CH,stInflow,d118,10.389999999999993
pumpedHydro,FR,stInflow,d118,12.716000000000003
pumpedHydro,IT,stInflow,d118,15.101999999999995
pumpedHydro,NO,stInflow,d118,24.7
pumpedHydro,SE,stInflow,d118,4.980000000000003
pumpedHydro,AT,stInflow,d119,7.846000000000003
pumpedHydro,CH,stInflow,d119,10.389999999999993
pumpedHydro,FR,stInflow,d119,12.716000000000003
pumpedHydro,IT,stInflow,d119,15.101999999999995
pumpedHydro,NO,stInflow,d119,24.7
pumpedHydro,SE,stInflow,d119,4.980000000000003
pumpedHydro,AT,stInflow,d120,7.846000000000003
pumpedHydro,CH,stInflow,d120,10.389999999999993
pumpedHydro,FR,stInflow,d120,12.716000000000003
pumpedHydro,IT,stInflow,d120,15.101999999999995
pumpedHydro,NO,stInflow,d120,24.7
pumpedHydro,SE,stInflow,d120,4.980000000000003
pumpedHydro,AT,stInflow,d121,7.846000000000003
pumpedHydro,CH,stInflow,d121,10.389999999999993
pumpedHydro,FR,stInflow,d121,12.716000000000003
pumpedHydro,IT,stInflow,d121,15.101999999999995
pumpedHydro,NO,stInflow,d121,24.7
pumpedHydro,SE,stInflow,d121,4.980000000000003
pumpedHydro,AT,stInflow,d122,7.846000000000003
pumpedHydro,CH,stInflow,d122,10.389999999999993
pumpedHydro,FR,stInflow,d122,12.716000000000003
pumpedHydro,IT,stInflow,d122,15.101999999999995
pumpedHydro,NO,stInflow,d122,24.7
pumpedHydro,SE,stInflow,d122,4.980000000000003
pumpedHydro,AT,stInflow,d123,7.846000000000003
pumpedHydro,CH,stInflow,d123,10.389999999999993
pumpedHydro,FR,stInflow,d123,12.716000000000003
pumpedHydro,IT,stInflow,d123,15.101999999999995
pumpedHydro,NO,stInflow,d123,24.7
pumpedHydro,SE,stInflow,d123,4.980000000000003
pumpedHydro,AT,stInflow,d124,7.846000000000003
pumpedHydro,CH,stInflow,d124,10.389999999999993
pumpedHydro,FR,stInflow,d124,12.716000000000003
pumpedHydro,IT,stInflow,d124,15.101999999999995
pumpedHydro,NO,stInflow,d124,24.7
pumpedHydro,SE,stInflow,d124,4.980000000000003
pumpedHydro,AT,stInflow,d125,7.846000000000003
pumpedHydro,CH,stInflow,d125,10.389999999999993
pumpedHydro,FR,stInflow,d125,12.716000000000003
pumpedHydro,IT,stInflow,d125,15.101999999999995
pumpedHydro,NO,stInflow,d125,24.7
pumpedHydro,SE,stInflow,d125,4.980000000000003
pumpedHydro,AT,stInflow,d126,7.846000000000003
pumpedHydro,CH,stInflow,d126,10.389999999999993
pumpedHydro,FR,stInflow,d126,12.716000000000003
pumpedHydro,IT,stInflow,d126,15.101999999999995
pumpedHydro,NO,stInflow,d126,24.7
pumpedHydro,SE,stInflow,d126,4.980000000000003
pumpedHydro,AT,stInflow,d127,7.846000000000003
pumpedHydro,CH,stInflow,d127,10.389999999999993
pumpedHydro,FR,stInflow,d127,12.716000000000003
pumpedHydro,IT,stInflow,d127,15.101999999999995
pumpedHydro,NO,stInflow,d127,24.7
pumpedHydro,SE,stInflow,d127,4.980000000000003
pumpedHydro,AT,stInflow,d128,7.846000000000003
pumpedHydro,CH,stInflow,d128,10.389999999999993
pumpedHydro,FR,stInflow,d128,12.716000000000003
pumpedHydro,IT,stInflow,d128,15.101999999999995
pumpedHydro,NO,stInflow,d128,24.7
pumpedHydro,SE,stInflow,d128,4.980000000000003
pumpedHydro,AT,stInflow,d129,7.846000000000003
pumpedHydro,CH,stInflow,d129,10.389999999999993
pumpedHydro,FR,stInflow,d129,12.716000000000003
pumpedHydro,IT,stInflow,d129,15.101999999999995
pumpedHydro,NO,stInflow,d129,24.7
pumpedHydro,SE,stInflow,d129,4.980000000000003
pumpedHydro,AT,stInflow,d130,7.846000000000003
pumpedHydro,CH,stInflow,d130,10.389999999999993
pumpedHydro,FR,stInflow,d130,12.716000000000003
pumpedHydro,IT,stInflow,d130,15.101999999999995
pumpedHydro,NO,stInflow,d130,24.7
pumpedHydro,SE,stInflow,d130,4.980000000000003
pumpedHydro,AT,stInflow,d131,7.846000000000003
pumpedHydro,CH,stInflow,d131,10.389999999999993
pumpedHydro,FR,stInflow,d131,12.716000000000003
pumpedHydro,IT,stInflow,d131,15.101999999999995
pumpedHydro,NO,stInflow,d131,24.7
pumpedHydro,SE,stInflow,d131,4.980000000000003
pumpedHydro,AT,stInflow,d132,7.846000000000003
pumpedHydro,CH,stInflow,d132,10.389999999999993
pumpedHydro,FR,stInflow,d132,12.716000000000003
pumpedHydro,IT,stInflow,d132,15.101999999999995
pumpedHydro,NO,stInflow,d132,24.7
pumpedHydro,SE,stInflow,d132,4.980000000000003
pumpedHydro,AT,stInflow,d133,7.846000000000003
pumpedHydro,CH,stInflow,d133,10.389999999999993
pumpedHydro,FR,stInflow,d133,12.716000000000003
pumpedHydro,IT,stInflow,d133,15.101999999999995
pumpedHydro,NO,stInflow,d133,24.7
pumpedHydro,SE,stInflow,d133,4.980000000000003
pumpedHydro,AT,stInflow,d134,7.846000000000003
pumpedHydro,CH,stInflow,d134,10.389999999999993
pumpedHydro,FR,stInflow,d134,12.716000000000003
pumpedHydro,IT,stInflow,d134,15.101999999999995
pumpedHydro,NO,stInflow,d134,24.7
pumpedHydro,SE,stInflow,d134,4.980000000000003
pumpedHydro,AT,stInflow,d135,7.846000000000003
pumpedHydro,CH,stInflow,d135,10.389999999999993
pumpedHydro,FR,stInflow,d135,12.716000000000003
pumpedHydro,IT,stInflow,d135,15.101999999999995
pumpedHydro,NO,stInflow,d135,24.7
pumpedHydro,SE,stInflow,d135,4.980000000000003
pumpedHydro,AT,stInflow,d136,7.846000000000003
pumpedHydro,CH,stInflow,d136,10.389999999999993
pumpedHydro,FR,stInflow,d136,12.716000000000003
pumpedHydro,IT,stInflow,d136,15.101999999999995
pumpedHydro,NO,stInflow,d136,24.7
pumpedHydro,SE,stInflow,d136,4.980000000000003
pumpedHydro,AT,stInflow,d137,7.846000000000003
pumpedHydro,CH,stInflow,d137,10.389999999999993
pumpedHydro,FR,stInflow,d137,12.716000000000003
pumpedHydro,IT,stInflow,d137,15.101999999999995
pumpedHydro,NO,stInflow,d137,24.7
pumpedHydro,SE,stInflow,d137,4.980000000000003
pumpedHydro,AT,stInflow,d138,7.846000000000003
pumpedHydro,CH,stInflow,d138,10.389999999999993
pumpedHydro,FR,stInflow,d138,12.716000000000003
pumpedHydro,IT,stInflow,d138,15.101999999999995
pumpedHydro,NO,stInflow,d138,24.7
pumpedHydro,SE,stInflow,d138,4.980000000000003
pumpedHydro,AT,stInflow,d139,7.846000000000003
pumpedHydro,CH,stInflow,d139,10.389999999999993
pumpedHydro,FR,stInflow,d139,12.716000000000003
pumpedHydro,IT,stInflow,d139,15.101999999999995
pumpedHydro,NO,stInflow,d139,24.7
pumpedHydro,SE,stInflow,d139,4.980000000000003
pumpedHydro,AT,stInflow,d140,7.846000000000003
pumpedHydro,CH,stInflow,d140,10.389999999999993
pumpedHydro,FR,stInflow,d140,12.716000000000003
pumpedHydro,IT,stInflow,d140,15.101999999999995
pumpedHydro,NO,stInflow,d140,24.7
pumpedHydro,SE,stInflow,d140,4.980000000000003
pumpedHydro,AT,stInflow,d141,7.846000000000003
pumpedHydro,CH,stInflow,d141,10.389999999999993
pumpedHydro,FR,stInflow,d141,12.716000000000003
pumpedHydro,IT,stInflow,d141,15.101999999999995
pumpedHydro,NO,stInflow,d141,24.7
pumpedHydro,SE,stInflow,d141,4.980000000000003
pumpedHydro,AT,stInflow,d142,7.846000000000003
pumpedHydro,CH,stInflow,d142,10.389999999999993
pumpedHydro,FR,stInflow,d142,12.716000000000003
pumpedHydro,IT,stInflow,d142,15.101999999999995
pumpedHydro,NO,stInflow,d142,24.7
pumpedHydro,SE,stInflow,d142,4.980000000000003
pumpedHydro,AT,stInflow,d143,7.846000000000003
pumpedHydro,CH,stInflow,d143,10.389999999999993
pumpedHydro,FR,stInflow,d143,12.716000000000003
pumpedHydro,IT,stInflow,d143,15.101999999999995
pumpedHydro,NO,stInflow,d143,24.7
pumpedHydro,SE,stInflow,d143,4.980000000000003
pumpedHydro,AT,stInflow,d144,7.846000000000003
pumpedHydro,CH,stInflow,d144,10.389999999999993
pumpedHydro,FR,stInflow,d144,12.716000000000003
pumpedHydro,IT,stInflow,d144,15.101999999999995
pumpedHydro,NO,stInflow,d144,24.7
pumpedHydro,SE,stInflow,d144,4.980000000000003
pumpedHydro,AT,stInflow,d145,7.846000000000003
pumpedHydro,CH,stInflow,d145,10.389999999999993
pumpedHydro,FR,stInflow,d145,12.716000000000003
pumpedHydro,IT,stInflow,d145,15.101999999999995
pumpedHydro,NO,stInflow,d145,24.7
pumpedHydro,SE,stInflow,d145,4.980000000000003
pumpedHydro,AT,stInflow,d146,7.846000000000003
pumpedHydro,CH,stInflow,d146,10.389999999999993
pumpedHydro,FR,stInflow,d146,12.716000000000003
pumpedHydro,IT,stInflow,d146,15.101999999999995
pumpedHydro,NO,stInflow,d146,24.7
pumpedHydro,SE,stInflow,d146,4.980000000000003
pumpedHydro,AT,stInflow,d147,7.846000000000003
pumpedHydro,CH,stInflow,d147,10.389999999999993
pumpedHydro,FR,stInflow,d147,12.716000000000003
pumpedHydro,IT,stInflow,d147,15.101999999999995
pumpedHydro,NO,stInflow,d147,24.7
pumpedHydro,SE,stInflow,d147,4.980000000000003
pumpedHydro,AT,stInflow,d148,7.846000000000003
pumpedHydro,CH,stInflow,d148,10.389999999999993
pumpedHydro,FR,stInflow,d148,12.716000000000003
pumpedHydro,IT,stInflow,d148,15.101999999999995
pumpedHydro,NO,stInflow,d148,24.7
pumpedHydro,SE,stInflow,d148,4.980000000000003
pumpedHydro,AT,stInflow,d149,7.846000000000003
pumpedHydro,CH,stInflow,d149,10.389999999999993
pumpedHydro,FR,stInflow,d149,12.716000000000003
pumpedHydro,IT,stInflow,d149,15.101999999999995
pumpedHydro,NO,stInflow,d149,24.7
pumpedHydro,SE,stInflow,d149,4.980000000000003
pumpedHydro,AT,stInflow,d150,7.846000000000003
pumpedHydro,CH,stInflow,d150,10.389999999999993
pumpedHydro,FR,stInflow,d150,12.716000000000003
pumpedHydro,IT,stInflow,d150,15.101999999999995
pumpedHydro,NO,stInflow,d150,24.7
pumpedHydro,SE,stInflow,d150,4.980000000000003
pumpedHydro,AT,stInflow,d151,7.846000000000003
pumpedHydro,CH,stInflow,d151,10.389999999999993
pumpedHydro,FR,stInflow,d151,12.716000000000003
pumpedHydro,IT,stInflow,d151,15.101999999999995
pumpedHydro,NO,stInflow,d151,24.7
pumpedHydro,SE,stInflow,d151,4.980000000000003
pumpedHydro,AT,stInflow,d152,7.846000000000003
pumpedHydro,CH,stInflow,d152,10.389999999999993
pumpedHydro,FR,stInflow,d152,12.716000000000003
pumpedHydro,IT,stInflow,d152,15.101999999999995
pumpedHydro,NO,stInflow,d152,24.7
pumpedHydro,SE,stInflow,d152,4.980000000000003
pumpedHydro,AT,stInflow,d153,7.846000000000003
pumpedHydro,CH,stInflow,d153,10.389999999999993
pumpedHydro,FR,stInflow,d153,12.716000000000003
pumpedHydro,IT,stInflow,d153,15.101999999999995
pumpedHydro,NO,stInflow,d153,24.7
pumpedHydro,SE,stInflow,d153,4.980000000000003
pumpedHydro,AT,stInflow,d154,7.846000000000003
pumpedHydro,CH,stInflow,d154,10.389999999999993
pumpedHydro,FR,stInflow,d154,12.716000000000003
pumpedHydro,IT,stInflow,d154,15.101999999999995
pumpedHydro,NO,stInflow,d154,24.7
pumpedHydro,SE,stInflow,d154,4.980000000000003
pumpedHydro,AT,stInflow,d155,7.846000000000003
pumpedHydro,CH,stInflow,d155,10.389999999999993
pumpedHydro,FR,stInflow,d155,12.716000000000003
pumpedHydro,IT,stInflow,d155,15.101999999999995
pumpedHydro,NO,stInflow,d155,24.7
pumpedHydro,SE,stInflow,d155,4.980000000000003
pumpedHydro,AT,stInflow,d156,7.846000000000003
pumpedHydro,CH,stInflow,d156,10.389999999999993
pumpedHydro,FR,stInflow,d156,12.716000000000003
pumpedHydro,IT,stInflow,d156,15.101999999999995
pumpedHydro,NO,stInflow,d156,24.7
pumpedHydro,SE,stInflow,d156,4.980000000000003
pumpedHydro,AT,stInflow,d157,7.846000000000003
pumpedHydro,CH,stInflow,d157,10.389999999999993
pumpedHydro,FR,stInflow,d157,12.716000000000003
pumpedHydro,IT,stInflow,d157,15.101999999999995
pumpedHydro,NO,stInflow,d157,24.7
pumpedHydro,SE,stInflow,d157,4.980000000000003
pumpedHydro,AT,stInflow,d158,7.846000000000003
pumpedHydro,CH,stInflow,d158,10.389999999999993
pumpedHydro,FR,stInflow,d158,12.716000000000003
pumpedHydro,IT,stInflow,d158,15.101999999999995
pumpedHydro,NO,stInflow,d158,24.7
pumpedHydro,SE,stInflow,d158,4.980000000000003
pumpedHydro,AT,stInflow,d159,7.846000000000003
pumpedHydro,CH,stInflow,d159,10.389999999999993
pumpedHydro,FR,stInflow,d159,12.716000000000003
pumpedHydro,IT,stInflow,d159,15.101999999999995
pumpedHydro,NO,stInflow,d159,24.7
pumpedHydro,SE,stInflow,d159,4.980000000000003
pumpedHydro,AT,stInflow,d160,7.846000000000003
pumpedHydro,CH,stInflow,d160,10.389999999999993
pumpedHydro,FR,stInflow,d160,12.716000000000003
pumpedHydro,IT,stInflow,d160,15.101999999999995
pumpedHydro,NO,stInflow,d160,24.7
pumpedHydro,SE,stInflow,d160,4.980000000000003
pumpedHydro,AT,stInflow,d161,7.846000000000003
pumpedHydro,CH,stInflow,d161,10.389999999999993
pumpedHydro,FR,stInflow,d161,12.716000000000003
pumpedHydro,IT,stInflow,d161,15.101999999999995
pumpedHydro,NO,stInflow,d161,24.7
pumpedHydro,SE,stInflow,d161,4.980000000000003
pumpedHydro,AT,stInflow,d162,7.846000000000003
pumpedHydro,CH,stInflow,d162,10.389999999999993
pumpedHydro,FR,stInflow,d162,12.716000000000003
pumpedHydro,IT,stInflow,d162,15.101999999999995
pumpedHydro,NO,stInflow,d162,24.7
pumpedHydro,SE,stInflow,d162,4.980000000000003
pumpedHydro,AT,stInflow,d163,7.846000000000003
pumpedHydro,CH,stInflow,d163,10.389999999999993
pumpedHydro,FR,stInflow,d163,12.716000000000003
pumpedHydro,IT,stInflow,d163,15.101999999999995
pumpedHydro,NO,stInflow,d163,24.7
pumpedHydro,SE,stInflow,d163,4.980000000000003
pumpedHydro,AT,stInflow,d164,7.846000000000003
pumpedHydro,CH,stInflow,d164,10.389999999999993
pumpedHydro,FR,stInflow,d164,12.716000000000003
pumpedHydro,IT,stInflow,d164,15.101999999999995
pumpedHydro,NO,stInflow,d164,24.7
pumpedHydro,SE,stInflow,d164,4.980000000000003
pumpedHydro,AT,stInflow,d165,7.846000000000003
pumpedHydro,CH,stInflow,d165,10.389999999999993
pumpedHydro,FR,stInflow,d165,12.716000000000003
pumpedHydro,IT,stInflow,d165,15.101999999999995
pumpedHydro,NO,stInflow,d165,24.7
pumpedHydro,SE,stInflow,d165,4.980000000000003
pumpedHydro,AT,stInflow,d166,7.846000000000003
pumpedHydro,CH,stInflow,d166,10.389999999999993
pumpedHydro,FR,stInflow,d166,12.716000000000003
pumpedHydro,IT,stInflow,d166,15.101999999999995
pumpedHydro,NO,stInflow,d166,24.7
pumpedHydro,SE,stInflow,d166,4.980000000000003
pumpedHydro,AT,stInflow,d167,7.846000000000003
pumpedHydro,CH,stInflow,d167,10.389999999999993
pumpedHydro,FR,stInflow,d167,12.716000000000003
pumpedHydro,IT,stInflow,d167,15.101999999999995
pumpedHydro,NO,stInflow,d167,24.7
pumpedHydro,SE,stInflow,d167,4.980000000000003
pumpedHydro,AT,stInflow,d168,7.846000000000003
pumpedHydro,CH,stInflow,d168,10.389999999999993
pumpedHydro,FR,stInflow,d168,12.716000000000003
pumpedHydro,IT,stInflow,d168,15.101999999999995
pumpedHydro,NO,stInflow,d168,24.7
pumpedHydro,SE,stInflow,d168,4.980000000000003
pumpedHydro,AT,stInflow,d169,7.846000000000003
pumpedHydro,CH,stInflow,d169,10.389999999999993
pumpedHydro,FR,stInflow,d169,12.716000000000003
pumpedHydro,IT,stInflow,d169,15.101999999999995
pumpedHydro,NO,stInflow,d169,24.7
pumpedHydro,SE,stInflow,d169,4.980000000000003
pumpedHydro,AT,stInflow,d170,7.846000000000003
pumpedHydro,CH,stInflow,d170,10.389999999999993
pumpedHydro,FR,stInflow,d170,12.716000000000003
pumpedHydro,IT,stInflow,d170,15.101999999999995
pumpedHydro,NO,stInflow,d170,24.7
pumpedHydro,SE,stInflow,d170,4.980000000000003
pumpedHydro,AT,stInflow,d171,7.846000000000003
pumpedHydro,CH,stInflow,d171,10.389999999999993
pumpedHydro,FR,stInflow,d171,12.716000000000003
pumpedHydro,IT,stInflow,d171,15.101999999999995
pumpedHydro,NO,stInflow,d171,24.7
pumpedHydro,SE,stInflow,d171,4.980000000000003
pumpedHydro,AT,stInflow,d172,7.846000000000003
pumpedHydro,CH,stInflow,d172,10.389999999999993
pumpedHydro,FR,stInflow,d172,12.716000000000003
pumpedHydro,IT,stInflow,d172,15.101999999999995
pumpedHydro,NO,stInflow,d172,24.7
pumpedHydro,SE,stInflow,d172,4.980000000000003
pumpedHydro,AT,stInflow,d173,7.846000000000003
pumpedHydro,CH,stInflow,d173,10.389999999999993
pumpedHydro,FR,stInflow,d173,12.716000000000003
pumpedHydro,IT,stInflow,d173,15.101999999999995
pumpedHydro,NO,stInflow,d173,24.7
pumpedHydro,SE,stInflow,d173,4.980000000000003
pumpedHydro,AT,stInflow,d174,7.846000000000003
pumpedHydro,CH,stInflow,d174,10.389999999999993
pumpedHydro,FR,stInflow,d174,12.716000000000003
pumpedHydro,IT,stInflow,d174,15.101999999999995
pumpedHydro,NO,stInflow,d174,24.7
pumpedHydro,SE,stInflow,d174,4.980000000000003
pumpedHydro,AT,stInflow,d175,7.846000000000003
pumpedHydro,CH,stInflow,d175,10.389999999999993
pumpedHydro,FR,stInflow,d175,12.716000000000003
pumpedHydro,IT,stInflow,d175,15.101999999999995
pumpedHydro,NO,stInflow,d175,24.7
pumpedHydro,SE,stInflow,d175,4.980000000000003
pumpedHydro,AT,stInflow,d176,7.846000000000003
pumpedHydro,CH,stInflow,d176,10.389999999999993
pumpedHydro,FR,stInflow,d176,12.716000000000003
pumpedHydro,IT,stInflow,d176,15.101999999999995
pumpedHydro,NO,stInflow,d176,24.7
pumpedHydro,SE,stInflow,d176,4.980000000000003
pumpedHydro,AT,stInflow,d177,7.846000000000003
pumpedHydro,CH,stInflow,d177,10.389999999999993
pumpedHydro,FR,stInflow,d177,12.716000000000003
pumpedHydro,IT,stInflow,d177,15.101999999999995
pumpedHydro,NO,stInflow,d177,24.7
pumpedHydro,SE,stInflow,d177,4.980000000000003
pumpedHydro,AT,stInflow,d178,7.846000000000003
pumpedHydro,CH,stInflow,d178,10.389999999999993
pumpedHydro,FR,stInflow,d178,12.716000000000003
pumpedHydro,IT,stInflow,d178,15.101999999999995
pumpedHydro,NO,stInflow,d178,24.7
pumpedHydro,SE,stInflow,d178,4.980000000000003
pumpedHydro,AT,stInflow,d179,7.846000000000003
pumpedHydro,CH,stInflow,d179,10.389999999999993
pumpedHydro,FR,stInflow,d179,12.716000000000003
pumpedHydro,IT,stInflow,d179,15.101999999999995
pumpedHydro,NO,stInflow,d179,24.7
pumpedHydro,SE,stInflow,d179,4.980000000000003
pumpedHydro,AT,stInflow,d180,7.846000000000003
pumpedHydro,CH,stInflow,d180,10.389999999999993
pumpedHydro,FR,stInflow,d180,12.716000000000003
pumpedHydro,IT,stInflow,d180,15.101999999999995
pumpedHydro,NO,stInflow,d180,24.7
pumpedHydro,SE,stInflow,d180,4.980000000000003
pumpedHydro,AT,stInflow,d181,7.846000000000003
pumpedHydro,CH,stInflow,d181,10.389999999999993
pumpedHydro,FR,stInflow,d181,12.716000000000003
pumpedHydro,IT,stInflow,d181,15.101999999999995
pumpedHydro,NO,stInflow,d181,24.7
pumpedHydro,SE,stInflow,d181,4.980000000000003
pumpedHydro,AT,stInflow,d182,7.846000000000003
pumpedHydro,CH,stInflow,d182,10.389999999999993
pumpedHydro,FR,stInflow,d182,12.716000000000003
pumpedHydro,IT,stInflow,d182,15.101999999999995
pumpedHydro,NO,stInflow,d182,24.7
pumpedHydro,SE,stInflow,d182,4.980000000000003
pumpedHydro,AT,stInflow,d183,7.846000000000003
pumpedHydro,CH,stInflow,d183,10.389999999999993
pumpedHydro,FR,stInflow,d183,12.716000000000003
pumpedHydro,IT,stInflow,d183,15.101999999999995
pumpedHydro,NO,stInflow,d183,24.7
pumpedHydro,SE,stInflow,d183,4.980000000000003
pumpedHydro,AT,stInflow,d184,7.846000000000003
pumpedHydro,CH,stInflow,d184,10.389999999999993
pumpedHydro,FR,stInflow,d184,12.716000000000003
pumpedHydro,IT,stInflow,d184,15.101999999999995
pumpedHydro,NO,stInflow,d184,24.7
pumpedHydro,SE,stInflow,d184,4.980000000000003
pumpedHydro,AT,stInflow,d185,7.846000000000003
pumpedHydro,CH,stInflow,d185,10.389999999999993
pumpedHydro,FR,stInflow,d185,12.716000000000003
pumpedHydro,IT,stInflow,d185,15.101999999999995
pumpedHydro,NO,stInflow,d185,24.7
pumpedHydro,SE,stInflow,d185,4.980000000000003
pumpedHydro,AT,stInflow,d186,7.846000000000003
pumpedHydro,CH,stInflow,d186,10.389999999999993
pumpedHydro,FR,stInflow,d186,12.716000000000003
pumpedHydro,IT,stInflow,d186,15.101999999999995
pumpedHydro,NO,stInflow,d186,24.7
pumpedHydro,SE,stInflow,d186,4.980000000000003
pumpedHydro,AT,stInflow,d187,7.846000000000003
pumpedHydro,CH,stInflow,d187,10.389999999999993
pumpedHydro,FR,stInflow,d187,12.716000000000003
pumpedHydro,IT,stInflow,d187,15.101999999999995
pumpedHydro,NO,stInflow,d187,24.7
pumpedHydro,SE,stInflow,d187,4.980000000000003
pumpedHydro,AT,stInflow,d188,7.846000000000003
pumpedHydro,CH,stInflow,d188,10.389999999999993
pumpedHydro,FR,stInflow,d188,12.716000000000003
pumpedHydro,IT,stInflow,d188,15.101999999999995
pumpedHydro,NO,stInflow,d188,24.7
pumpedHydro,SE,stInflow,d188,4.980000000000003
pumpedHydro,AT,stInflow,d189,7.846000000000003
pumpedHydro,CH,stInflow,d189,10.389999999999993
pumpedHydro,FR,stInflow,d189,12.716000000000003
pumpedHydro,IT,stInflow,d189,15.101999999999995
pumpedHydro,NO,stInflow,d189,24.7
pumpedHydro,SE,stInflow,d189,4.980000000000003
pumpedHydro,AT,stInflow,d190,7.846000000000003
pumpedHydro,CH,stInflow,d190,10.389999999999993
pumpedHydro,FR,stInflow,d190,12.716000000000003
pumpedHydro,IT,stInflow,d190,15.101999999999995
pumpedHydro,NO,stInflow,d190,24.7
pumpedHydro,SE,stInflow,d190,4.980000000000003
pumpedHydro,AT,stInflow,d191,7.846000000000003
pumpedHydro,CH,stInflow,d191,10.389999999999993
pumpedHydro,FR,stInflow,d191,12.716000000000003
pumpedHydro,IT,stInflow,d191,15.101999999999995
pumpedHydro,NO,stInflow,d191,24.7
pumpedHydro,SE,stInflow,d191,4.980000000000003
pumpedHydro,AT,stInflow,d192,7.846000000000003
pumpedHydro,CH,stInflow,d192,10.389999999999993
pumpedHydro,FR,stInflow,d192,12.716000000000003
pumpedHydro,IT,stInflow,d192,15.101999999999995
pumpedHydro,NO,stInflow,d192,24.7
pumpedHydro,SE,stInflow,d192,4.980000000000003
pumpedHydro,AT,stInflow,d193,7.846000000000003
pumpedHydro,CH,stInflow,d193,10.389999999999993
pumpedHydro,FR,stInflow,d193,12.716000000000003
pumpedHydro,IT,stInflow,d193,15.101999999999995
pumpedHydro,NO,stInflow,d193,24.7
pumpedHydro,SE,stInflow,d193,4.980000000000003
pumpedHydro,AT,stInflow,d194,7.846000000000003
pumpedHydro,CH,stInflow,d194,10.389999999999993
pumpedHydro,FR,stInflow,d194,12.716000000000003
pumpedHydro,IT,stInflow,d194,15.101999999999995
pumpedHydro,NO,stInflow,d194,24.7
pumpedHydro,SE,stInflow,d194,4.980000000000003
pumpedHydro,AT,stInflow,d195,7.846000000000003
pumpedHydro,CH,stInflow,d195,10.389999999999993
pumpedHydro,FR,stInflow,d195,12.716000000000003
pumpedHydro,IT,stInflow,d195,15.101999999999995
pumpedHydro,NO,stInflow,d195,24.7
pumpedHydro,SE,stInflow,d195,4.980000000000003
pumpedHydro,AT,stInflow,d196,7.846000000000003
pumpedHydro,CH,stInflow,d196,10.389999999999993
pumpedHydro,FR,stInflow,d196,12.716000000000003
pumpedHydro,IT,stInflow,d196,15.101999999999995
pumpedHydro,NO,stInflow,d196,24.7
pumpedHydro,SE,stInflow,d196,4.980000000000003
pumpedHydro,AT,stInflow,d197,7.846000000000003
pumpedHydro,CH,stInflow,d197,10.389999999999993
pumpedHydro,FR,stInflow,d197,12.716000000000003
pumpedHydro,IT,stInflow,d197,15.101999999999995
pumpedHydro,NO,stInflow,d197,24.7
pumpedHydro,SE,stInflow,d197,4.980000000000003
pumpedHydro,AT,stInflow,d198,7.846000000000003
pumpedHydro,CH,stInflow,d198,10.389999999999993
pumpedHydro,FR,stInflow,d198,12.716000000000003
pumpedHydro,IT,stInflow,d198,15.101999999999995
pumpedHydro,NO,stInflow,d198,24.7
pumpedHydro,SE,stInflow,d198,4.980000000000003
pumpedHydro,AT,stInflow,d199,7.846000000000003
pumpedHydro,CH,stInflow,d199,10.389999999999993
pumpedHydro,FR,stInflow,d199,12.716000000000003
pumpedHydro,IT,stInflow,d199,15.101999999999995
pumpedHydro,NO,stInflow,d199,24.7
pumpedHydro,SE,stInflow,d199,4.980000000000003
pumpedHydro,AT,stInflow,d200,7.846000000000003
pumpedHydro,CH,stInflow,d200,10.389999999999993
pumpedHydro,FR,stInflow,d200,12.716000000000003
pumpedHydro,IT,stInflow,d200,15.101999999999995
pumpedHydro,NO,stInflow,d200,24.7
pumpedHydro,SE,stInflow,d200,4.980000000000003
pumpedHydro,AT,stInflow,d201,7.846000000000003
pumpedHydro,CH,stInflow,d201,10.389999999999993
pumpedHydro,FR,stInflow,d201,12.716000000000003
pumpedHydro,IT,stInflow,d201,15.101999999999995
pumpedHydro,NO,stInflow,d201,24.7
pumpedHydro,SE,stInflow,d201,4.980000000000003
pumpedHydro,AT,stInflow,d202,7.846000000000003
pumpedHydro,CH,stInflow,d202,10.389999999999993
pumpedHydro,FR,stInflow,d202,12.716000000000003
pumpedHydro,IT,stInflow,d202,15.101999999999995
pumpedHydro,NO,stInflow,d202,24.7
pumpedHydro,SE,stInflow,d202,4.980000000000003
pumpedHydro,AT,stInflow,d203,7.846000000000003
pumpedHydro,CH,stInflow,d203,10.389999999999993
pumpedHydro,FR,stInflow,d203,12.716000000000003
pumpedHydro,IT,stInflow,d203,15.101999999999995
pumpedHydro,NO,stInflow,d203,24.7
pumpedHydro,SE,stInflow,d203,4.980000000000003
pumpedHydro,AT,stInflow,d204,7.846000000000003
pumpedHydro,CH,stInflow,d204,10.389999999999993
pumpedHydro,FR,stInflow,d204,12.716000000000003
pumpedHydro,IT,stInflow,d204,15.101999999999995
pumpedHydro,NO,stInflow,d204,24.7
pumpedHydro,SE,stInflow,d204,4.980000000000003
pumpedHydro,AT,stInflow,d205,7.846000000000003
pumpedHydro,CH,stInflow,d205,10.389999999999993
pumpedHydro,FR,stInflow,d205,12.716000000000003
pumpedHydro,IT,stInflow,d205,15.101999999999995
pumpedHydro,NO,stInflow,d205,24.7
pumpedHydro,SE,stInflow,d205,4.980000000000003
pumpedHydro,AT,stInflow,d206,7.846000000000003
pumpedHydro,CH,stInflow,d206,10.389999999999993
pumpedHydro,FR,stInflow,d206,12.716000000000003
pumpedHydro,IT,stInflow,d206,15.101999999999995
pumpedHydro,NO,stInflow,d206,24.7
pumpedHydro,SE,stInflow,d206,4.980000000000003
pumpedHydro,AT,stInflow,d207,7.846000000000003
pumpedHydro,CH,stInflow,d207,10.389999999999993
pumpedHydro,FR,stInflow,d207,12.716000000000003
pumpedHydro,IT,stInflow,d207,15.101999999999995
pumpedHydro,NO,stInflow,d207,24.7
pumpedHydro,SE,stInflow,d207,4.980000000000003
pumpedHydro,AT,stInflow,d208,7.846000000000003
pumpedHydro,CH,stInflow,d208,10.389999999999993
pumpedHydro,FR,stInflow,d208,12.716000000000003
pumpedHydro,IT,stInflow,d208,15.101999999999995
pumpedHydro,NO,stInflow,d208,24.7
pumpedHydro,SE,stInflow,d208,4.980000000000003
pumpedHydro,AT,stInflow,d209,7.846000000000003
pumpedHydro,CH,stInflow,d209,10.389999999999993
pumpedHydro,FR,stInflow,d209,12.716000000000003
pumpedHydro,IT,stInflow,d209,15.101999999999995
pumpedHydro,NO,stInflow,d209,24.7
pumpedHydro,SE,stInflow,d209,4.980000000000003
pumpedHydro,AT,stInflow,d210,7.846000000000003
pumpedHydro,CH,stInflow,d210,10.389999999999993
pumpedHydro,FR,stInflow,d210,12.716000000000003
pumpedHydro,IT,stInflow,d210,15.101999999999995
pumpedHydro,NO,stInflow,d210,24.7
pumpedHydro,SE,stInflow,d210,4.980000000000003
pumpedHydro,AT,stInflow,d211,7.846000000000003
pumpedHydro,CH,stInflow,d211,10.389999999999993
pumpedHydro,FR,stInflow,d211,12.716000000000003
pumpedHydro,IT,stInflow,d211,15.101999999999995
pumpedHydro,NO,stInflow,d211,24.7
pumpedHydro,SE,stInflow,d211,4.980000000000003
pumpedHydro,AT,stInflow,d212,7.846000000000003
pumpedHydro,CH,stInflow,d212,10.389999999999993
pumpedHydro,FR,stInflow,d212,12.716000000000003
pumpedHydro,IT,stInflow,d212,15.101999999999995
pumpedHydro,NO,stInflow,d212,24.7
pumpedHydro,SE,stInflow,d212,4.980000000000003
pumpedHydro,AT,stInflow,d213,7.846000000000003
pumpedHydro,CH,stInflow,d213,10.389999999999993
pumpedHydro,FR,stInflow,d213,12.716000000000003
pumpedHydro,IT,stInflow,d213,15.101999999999995
pumpedHydro,NO,stInflow,d213,24.7
pumpedHydro,SE,stInflow,d213,4.980000000000003
pumpedHydro,AT,stInflow,d214,7.846000000000003
pumpedHydro,CH,stInflow,d214,10.389999999999993
pumpedHydro,FR,stInflow,d214,12.716000000000003
pumpedHydro,IT,stInflow,d214,15.101999999999995
pumpedHydro,NO,stInflow,d214,24.7
pumpedHydro,SE,stInflow,d214,4.980000000000003
pumpedHydro,AT,stInflow,d215,7.846000000000003
pumpedHydro,CH,stInflow,d215,10.389999999999993
pumpedHydro,FR,stInflow,d215,12.716000000000003
pumpedHydro,IT,stInflow,d215,15.101999999999995
pumpedHydro,NO,stInflow,d215,24.7
pumpedHydro,SE,stInflow,d215,4.980000000000003
pumpedHydro,AT,stInflow,d216,7.846000000000003
pumpedHydro,CH,stInflow,d216,10.389999999999993
pumpedHydro,FR,stInflow,d216,12.716000000000003
pumpedHydro,IT,stInflow,d216,15.101999999999995
pumpedHydro,NO,stInflow,d216,24.7
pumpedHydro,SE,stInflow,d216,4.980000000000003
pumpedHydro,AT,stInflow,d217,7.846000000000003
pumpedHydro,CH,stInflow,d217,10.389999999999993
pumpedHydro,FR,stInflow,d217,12.716000000000003
pumpedHydro,IT,stInflow,d217,15.101999999999995
pumpedHydro,NO,stInflow,d217,24.7
pumpedHydro,SE,stInflow,d217,4.980000000000003
pumpedHydro,AT,stInflow,d218,7.846000000000003
pumpedHydro,CH,stInflow,d218,10.389999999999993
pumpedHydro,FR,stInflow,d218,12.716000000000003
pumpedHydro,IT,stInflow,d218,15.101999999999995
pumpedHydro,NO,stInflow,d218,24.7
pumpedHydro,SE,stInflow,d218,4.980000000000003
pumpedHydro,AT,stInflow,d219,7.846000000000003
pumpedHydro,CH,stInflow,d219,10.389999999999993
pumpedHydro,FR,stInflow,d219,12.716000000000003
pumpedHydro,IT,stInflow,d219,15.101999999999995
pumpedHydro,NO,stInflow,d219,24.7
pumpedHydro,SE,stInflow,d219,4.980000000000003
pumpedHydro,AT,stInflow,d220,7.846000000000003
pumpedHydro,CH,stInflow,d220,10.389999999999993
pumpedHydro,FR,stInflow,d220,12.716000000000003
pumpedHydro,IT,stInflow,d220,15.101999999999995
pumpedHydro,NO,stInflow,d220,24.7
pumpedHydro,SE,stInflow,d220,4.980000000000003
pumpedHydro,AT,stInflow,d221,7.846000000000003
pumpedHydro,CH,stInflow,d221,10.389999999999993
pumpedHydro,FR,stInflow,d221,12.716000000000003
pumpedHydro,IT,stInflow,d221,15.101999999999995
pumpedHydro,NO,stInflow,d221,24.7
pumpedHydro,SE,stInflow,d221,4.980000000000003
pumpedHydro,AT,stInflow,d222,7.846000000000003
pumpedHydro,CH,stInflow,d222,10.389999999999993
pumpedHydro,FR,stInflow,d222,12.716000000000003
pumpedHydro,IT,stInflow,d222,15.101999999999995
pumpedHydro,NO,stInflow,d222,24.7
pumpedHydro,SE,stInflow,d222,4.980000000000003
pumpedHydro,AT,stInflow,d223,7.846000000000003
pumpedHydro,CH,stInflow,d223,10.389999999999993
pumpedHydro,FR,stInflow,d223,12.716000000000003
pumpedHydro,IT,stInflow,d223,15.101999999999995
pumpedHydro,NO,stInflow,d223,24.7
pumpedHydro,SE,stInflow,d223,4.980000000000003
pumpedHydro,AT,stInflow,d224,7.846000000000003
pumpedHydro,CH,stInflow,d224,10.389999999999993
pumpedHydro,FR,stInflow,d224,12.716000000000003
pumpedHydro,IT,stInflow,d224,15.101999999999995
pumpedHydro,NO,stInflow,d224,24.7
pumpedHydro,SE,stInflow,d224,4.980000000000003
pumpedHydro,AT,stInflow,d225,7.846000000000003
pumpedHydro,CH,stInflow,d225,10.389999999999993
pumpedHydro,FR,stInflow,d225,12.716000000000003
pumpedHydro,IT,stInflow,d225,15.101999999999995
pumpedHydro,NO,stInflow,d225,24.7
pumpedHydro,SE,stInflow,d225,4.980000000000003
pumpedHydro,AT,stInflow,d226,7.846000000000003
pumpedHydro,CH,stInflow,d226,10.389999999999993
pumpedHydro,FR,stInflow,d226,12.716000000000003
pumpedHydro,IT,stInflow,d226,15.101999999999995
pumpedHydro,NO,stInflow,d226,24.7
pumpedHydro,SE,stInflow,d226,4.980000000000003
pumpedHydro,AT,stInflow,d227,7.846000000000003
pumpedHydro,CH,stInflow,d227,10.389999999999993
pumpedHydro,FR,stInflow,d227,12.716000000000003
pumpedHydro,IT,stInflow,d227,15.101999999999995
pumpedHydro,NO,stInflow,d227,24.7
pumpedHydro,SE,stInflow,d227,4.980000000000003
pumpedHydro,AT,stInflow,d228,7.846000000000003
pumpedHydro,CH,stInflow,d228,10.389999999999993
pumpedHydro,FR,stInflow,d228,12.716000000000003
pumpedHydro,IT,stInflow,d228,15.101999999999995
pumpedHydro,NO,stInflow,d228,24.7
pumpedHydro,SE,stInflow,d228,4.980000000000003
pumpedHydro,AT,stInflow,d229,7.846000000000003
pumpedHydro,CH,stInflow,d229,10.389999999999993
pumpedHydro,FR,stInflow,d229,12.716000000000003
pumpedHydro,IT,stInflow,d229,15.101999999999995
pumpedHydro,NO,stInflow,d229,24.7
pumpedHydro,SE,stInflow,d229,4.980000000000003
pumpedHydro,AT,stInflow,d230,7.846000000000003
pumpedHydro,CH,stInflow,d230,10.389999999999993
pumpedHydro,FR,stInflow,d230,12.716000000000003
pumpedHydro,IT,stInflow,d230,15.101999999999995
pumpedHydro,NO,stInflow,d230,24.7
pumpedHydro,SE,stInflow,d230,4.980000000000003
pumpedHydro,AT,stInflow,d231,7.846000000000003
pumpedHydro,CH,stInflow,d231,10.389999999999993
pumpedHydro,FR,stInflow,d231,12.716000000000003
pumpedHydro,IT,stInflow,d231,15.101999999999995
pumpedHydro,NO,stInflow,d231,24.7
pumpedHydro,SE,stInflow,d231,4.980000000000003
pumpedHydro,AT,stInflow,d232,7.846000000000003
pumpedHydro,CH,stInflow,d232,10.389999999999993
pumpedHydro,FR,stInflow,d232,12.716000000000003
pumpedHydro,IT,stInflow,d232,15.101999999999995
pumpedHydro,NO,stInflow,d232,24.7
pumpedHydro,SE,stInflow,d232,4.980000000000003
pumpedHydro,AT,stInflow,d233,7.846000000000003
pumpedHydro,CH,stInflow,d233,10.389999999999993
pumpedHydro,FR,stInflow,d233,12.716000000000003
pumpedHydro,IT,stInflow,d233,15.101999999999995
pumpedHydro,NO,stInflow,d233,24.7
pumpedHydro,SE,stInflow,d233,4.980000000000003
pumpedHydro,AT,stInflow,d234,7.846000000000003
pumpedHydro,CH,stInflow,d234,10.389999999999993
pumpedHydro,FR,stInflow,d234,12.716000000000003
pumpedHydro,IT,stInflow,d234,15.101999999999995
pumpedHydro,NO,stInflow,d234,24.7
pumpedHydro,SE,stInflow,d234,4.980000000000003
pumpedHydro,AT,stInflow,d235,7.846000000000003
pumpedHydro,CH,stInflow,d235,10.389999999999993
pumpedHydro,FR,stInflow,d235,12.716000000000003
pumpedHydro,IT,stInflow,d235,15.101999999999995
pumpedHydro,NO,stInflow,d235,24.7
pumpedHydro,SE,stInflow,d235,4.980000000000003
pumpedHydro,AT,stInflow,d236,7.846000000000003
pumpedHydro,CH,stInflow,d236,10.389999999999993
pumpedHydro,FR,stInflow,d236,12.716000000000003
pumpedHydro,IT,stInflow,d236,15.101999999999995
pumpedHydro,NO,stInflow,d236,24.7
pumpedHydro,SE,stInflow,d236,4.980000000000003
pumpedHydro,AT,stInflow,d237,7.846000000000003
pumpedHydro,CH,stInflow,d237,10.389999999999993
pumpedHydro,FR,stInflow,d237,12.716000000000003
pumpedHydro,IT,stInflow,d237,15.101999999999995
pumpedHydro,NO,stInflow,d237,24.7
pumpedHydro,SE,stInflow,d237,4.980000000000003
pumpedHydro,AT,stInflow,d238,7.846000000000003
pumpedHydro,CH,stInflow,d238,10.389999999999993
pumpedHydro,FR,stInflow,d238,12.716000000000003
pumpedHydro,IT,stInflow,d238,15.101999999999995
pumpedHydro,NO,stInflow,d238,24.7
pumpedHydro,SE,stInflow,d238,4.980000000000003
pumpedHydro,AT,stInflow,d239,7.846000000000003
pumpedHydro,CH,stInflow,d239,10.389999999999993
pumpedHydro,FR,stInflow,d239,12.716000000000003
pumpedHydro,IT,stInflow,d239,15.101999999999995
pumpedHydro,NO,stInflow,d239,24.7
pumpedHydro,SE,stInflow,d239,4.980000000000003
pumpedHydro,AT,stInflow,d240,7.846000000000003
pumpedHydro,CH,stInflow,d240,10.389999999999993
pumpedHydro,FR,stInflow,d240,12.716000000000003
pumpedHydro,IT,stInflow,d240,15.101999999999995
pumpedHydro,NO,stInflow,d240,24.7
pumpedHydro,SE,stInflow,d240,4.980000000000003
pumpedHydro,AT,stInflow,d241,7.846000000000003
pumpedHydro,CH,stInflow,d241,10.389999999999993
pumpedHydro,FR,stInflow,d241,12.716000000000003
pumpedHydro,IT,stInflow,d241,15.101999999999995
pumpedHydro,NO,stInflow,d241,24.7
pumpedHydro,SE,stInflow,d241,4.980000000000003
pumpedHydro,AT,stInflow,d242,7.846000000000003
pumpedHydro,CH,stInflow,d242,10.389999999999993
pumpedHydro,FR,stInflow,d242,12.716000000000003
pumpedHydro,IT,stInflow,d242,15.101999999999995
pumpedHydro,NO,stInflow,d242,24.7
pumpedHydro,SE,stInflow,d242,4.980000000000003
pumpedHydro,AT,stInflow,d243,7.846000000000003
pumpedHydro,CH,stInflow,d243,10.389999999999993
pumpedHydro,FR,stInflow,d243,12.716000000000003
pumpedHydro,IT,stInflow,d243,15.101999999999995
pumpedHydro,NO,stInflow,d243,24.7
pumpedHydro,SE,stInflow,d243,4.980000000000003
pumpedHydro,AT,stInflow,d244,7.846000000000003
pumpedHydro,CH,stInflow,d244,10.389999999999993
pumpedHydro,FR,stInflow,d244,12.716000000000003
pumpedHydro,IT,stInflow,d244,15.101999999999995
pumpedHydro,NO,stInflow,d244,24.7
pumpedHydro,SE,stInflow,d244,4.980000000000003
pumpedHydro,AT,stInflow,d245,7.846000000000003
pumpedHydro,CH,stInflow,d245,10.389999999999993
pumpedHydro,FR,stInflow,d245,12.716000000000003
pumpedHydro,IT,stInflow,d245,15.101999999999995
pumpedHydro,NO,stInflow,d245,24.7
pumpedHydro,SE,stInflow,d245,4.980000000000003
pumpedHydro,AT,stInflow,d246,7.846000000000003
pumpedHydro,CH,stInflow,d246,10.389999999999993
pumpedHydro,FR,stInflow,d246,12.716000000000003
pumpedHydro,IT,stInflow,d246,15.101999999999995
pumpedHydro,NO,stInflow,d246,24.7
pumpedHydro,SE,stInflow,d246,4.980000000000003
pumpedHydro,AT,stInflow,d247,7.846000000000003
pumpedHydro,CH,stInflow,d247,10.389999999999993
pumpedHydro,FR,stInflow,d247,12.716000000000003
pumpedHydro,IT,stInflow,d247,15.101999999999995
pumpedHydro,NO,stInflow,d247,24.7
pumpedHydro,SE,stInflow,d247,4.980000000000003
pumpedHydro,AT,stInflow,d248,7.846000000000003
pumpedHydro,CH,stInflow,d248,10.389999999999993
pumpedHydro,FR,stInflow,d248,12.716000000000003
pumpedHydro,IT,stInflow,d248,15.101999999999995
pumpedHydro,NO,stInflow,d248,24.7
pumpedHydro,SE,stInflow,d248,4.980000000000003
pumpedHydro,AT,stInflow,d249,7.846000000000003
pumpedHydro,CH,stInflow,d249,10.389999999999993
pumpedHydro,FR,stInflow,d249,12.716000000000003
pumpedHydro,IT,stInflow,d249,15.101999999999995
pumpedHydro,NO,stInflow,d249,24.7
pumpedHydro,SE,stInflow,d249,4.980000000000003
pumpedHydro,AT,stInflow,d250,7.846000000000003
pumpedHydro,CH,stInflow,d250,10.389999999999993
pumpedHydro,FR,stInflow,d250,12.716000000000003
pumpedHydro,IT,stInflow,d250,15.101999999999995
pumpedHydro,NO,stInflow,d250,24.7
pumpedHydro,SE,stInflow,d250,4.980000000000003
pumpedHydro,AT,stInflow,d251,7.846000000000003
pumpedHydro,CH,stInflow,d251,10.389999999999993
pumpedHydro,FR,stInflow,d251,12.716000000000003
pumpedHydro,IT,stInflow,d251,15.101999999999995
pumpedHydro,NO,stInflow,d251,24.7
pumpedHydro,SE,stInflow,d251,4.980000000000003
pumpedHydro,AT,stInflow,d252,7.846000000000003
pumpedHydro,CH,stInflow,d252,10.389999999999993
pumpedHydro,FR,stInflow,d252,12.716000000000003
pumpedHydro,IT,stInflow,d252,15.101999999999995
pumpedHydro,NO,stInflow,d252,24.7
pumpedHydro,SE,stInflow,d252,4.980000000000003
pumpedHydro,AT,stInflow,d253,7.846000000000003
pumpedHydro,CH,stInflow,d253,10.389999999999993
pumpedHydro,FR,stInflow,d253,12.716000000000003
pumpedHydro,IT,stInflow,d253,15.101999999999995
pumpedHydro,NO,stInflow,d253,24.7
pumpedHydro,SE,stInflow,d253,4.980000000000003
pumpedHydro,AT,stInflow,d254,7.846000000000003
pumpedHydro,CH,stInflow,d254,10.389999999999993
pumpedHydro,FR,stInflow,d254,12.716000000000003
pumpedHydro,IT,stInflow,d254,15.101999999999995
pumpedHydro,NO,stInflow,d254,24.7
pumpedHydro,SE,stInflow,d254,4.980000000000003
pumpedHydro,AT,stInflow,d255,7.846000000000003
pumpedHydro,CH,stInflow,d255,10.389999999999993
pumpedHydro,FR,stInflow,d255,12.716000000000003
pumpedHydro,IT,stInflow,d255,15.101999999999995
pumpedHydro,NO,stInflow,d255,24.7
pumpedHydro,SE,stInflow,d255,4.980000000000003
pumpedHydro,AT,stInflow,d256,7.846000000000003
pumpedHydro,CH,stInflow,d256,10.389999999999993
pumpedHydro,FR,stInflow,d256,12.716000000000003
pumpedHydro,IT,stInflow,d256,15.101999999999995
pumpedHydro,NO,stInflow,d256,24.7
pumpedHydro,SE,stInflow,d256,4.980000000000003
pumpedHydro,AT,stInflow,d257,7.846000000000003
pumpedHydro,CH,stInflow,d257,10.389999999999993
pumpedHydro,FR,stInflow,d257,12.716000000000003
pumpedHydro,IT,stInflow,d257,15.101999999999995
pumpedHydro,NO,stInflow,d257,24.7
pumpedHydro,SE,stInflow,d257,4.980000000000003
pumpedHydro,AT,stInflow,d258,7.846000000000003
pumpedHydro,CH,stInflow,d258,10.389999999999993
pumpedHydro,FR,stInflow,d258,12.716000000000003
pumpedHydro,IT,stInflow,d258,15.101999999999995
pumpedHydro,NO,stInflow,d258,24.7
pumpedHydro,SE,stInflow,d258,4.980000000000003
pumpedHydro,AT,stInflow,d259,7.846000000000003
pumpedHydro,CH,stInflow,d259,10.389999999999993
pumpedHydro,FR,stInflow,d259,12.716000000000003
pumpedHydro,IT,stInflow,d259,15.101999999999995
pumpedHydro,NO,stInflow,d259,24.7
pumpedHydro,SE,stInflow,d259,4.980000000000003
pumpedHydro,AT,stInflow,d260,7.846000000000003
pumpedHydro,CH,stInflow,d260,10.389999999999993
pumpedHydro,FR,stInflow,d260,12.716000000000003
pumpedHydro,IT,stInflow,d260,15.101999999999995
pumpedHydro,NO,stInflow,d260,24.7
pumpedHydro,SE,stInflow,d260,4.980000000000003
pumpedHydro,AT,stInflow,d261,7.846000000000003
pumpedHydro,CH,stInflow,d261,10.389999999999993
pumpedHydro,FR,stInflow,d261,12.716000000000003
pumpedHydro,IT,stInflow,d261,15.101999999999995
pumpedHydro,NO,stInflow,d261,24.7
pumpedHydro,SE,stInflow,d261,4.980000000000003
pumpedHydro,AT,stInflow,d262,7.846000000000003
pumpedHydro,CH,stInflow,d262,10.389999999999993
pumpedHydro,FR,stInflow,d262,12.716000000000003
pumpedHydro,IT,stInflow,d262,15.101999999999995
pumpedHydro,NO,stInflow,d262,24.7
pumpedHydro,SE,stInflow,d262,4.980000000000003
pumpedHydro,AT,stInflow,d263,7.846000000000003
pumpedHydro,CH,stInflow,d263,10.389999999999993
pumpedHydro,FR,stInflow,d263,12.716000000000003
pumpedHydro,IT,stInflow,d263,15.101999999999995
pumpedHydro,NO,stInflow,d263,24.7
pumpedHydro,SE,stInflow,d263,4.980000000000003
pumpedHydro,AT,stInflow,d264,7.846000000000003
pumpedHydro,CH,stInflow,d264,10.389999999999993
pumpedHydro,FR,stInflow,d264,12.716000000000003
pumpedHydro,IT,stInflow,d264,15.101999999999995
pumpedHydro,NO,stInflow,d264,24.7
pumpedHydro,SE,stInflow,d264,4.980000000000003
pumpedHydro,AT,stInflow,d265,7.846000000000003
pumpedHydro,CH,stInflow,d265,10.389999999999993
pumpedHydro,FR,stInflow,d265,12.716000000000003
pumpedHydro,IT,stInflow,d265,15.101999999999995
pumpedHydro,NO,stInflow,d265,24.7
pumpedHydro,SE,stInflow,d265,4.980000000000003
pumpedHydro,AT,stInflow,d266,7.846000000000003
pumpedHydro,CH,stInflow,d266,10.389999999999993
pumpedHydro,FR,stInflow,d266,12.716000000000003
pumpedHydro,IT,stInflow,d266,15.101999999999995
pumpedHydro,NO,stInflow,d266,24.7
pumpedHydro,SE,stInflow,d266,4.980000000000003
pumpedHydro,AT,stInflow,d267,7.846000000000003
pumpedHydro,CH,stInflow,d267,10.389999999999993
pumpedHydro,FR,stInflow,d267,12.716000000000003
pumpedHydro,IT,stInflow,d267,15.101999999999995
pumpedHydro,NO,stInflow,d267,24.7
pumpedHydro,SE,stInflow,d267,4.980000000000003
pumpedHydro,AT,stInflow,d268,7.846000000000003
pumpedHydro,CH,stInflow,d268,10.389999999999993
pumpedHydro,FR,stInflow,d268,12.716000000000003
pumpedHydro,IT,stInflow,d268,15.101999999999995
pumpedHydro,NO,stInflow,d268,24.7
pumpedHydro,SE,stInflow,d268,4.980000000000003
pumpedHydro,AT,stInflow,d269,7.846000000000003
pumpedHydro,CH,stInflow,d269,10.389999999999993
pumpedHydro,FR,stInflow,d269,12.716000000000003
pumpedHydro,IT,stInflow,d269,15.101999999999995
pumpedHydro,NO,stInflow,d269,24.7
pumpedHydro,SE,stInflow,d269,4.980000000000003
pumpedHydro,AT,stInflow,d270,7.846000000000003
pumpedHydro,CH,stInflow,d270,10.389999999999993
pumpedHydro,FR,stInflow,d270,12.716000000000003
pumpedHydro,IT,stInflow,d270,15.101999999999995
pumpedHydro,NO,stInflow,d270,24.7
pumpedHydro,SE,stInflow,d270,4.980000000000003
pumpedHydro,AT,stInflow,d271,7.846000000000003
pumpedHydro,CH,stInflow,d271,10.389999999999993
pumpedHydro,FR,stInflow,d271,12.716000000000003
pumpedHydro,IT,stInflow,d271,15.101999999999995
pumpedHydro,NO,stInflow,d271,24.7
pumpedHydro,SE,stInflow,d271,4.980000000000003
pumpedHydro,AT,stInflow,d272,7.846000000000003
pumpedHydro,CH,stInflow,d272,10.389999999999993
pumpedHydro,FR,stInflow,d272,12.716000000000003
pumpedHydro,IT,stInflow,d272,15.101999999999995
pumpedHydro,NO,stInflow,d272,24.7
pumpedHydro,SE,stInflow,d272,4.980000000000003
pumpedHydro,AT,stInflow,d273,7.846000000000003
pumpedHydro,CH,stInflow,d273,10.389999999999993
pumpedHydro,FR,stInflow,d273,12.716000000000003
pumpedHydro,IT,stInflow,d273,15.101999999999995
pumpedHydro,NO,stInflow,d273,24.7
pumpedHydro,SE,stInflow,d273,4.980000000000003
pumpedHydro,AT,stInflow,d274,7.846000000000003
pumpedHydro,CH,stInflow,d274,10.389999999999993
pumpedHydro,FR,stInflow,d274,12.716000000000003
pumpedHydro,IT,stInflow,d274,15.101999999999995
pumpedHydro,NO,stInflow,d274,24.7
pumpedHydro,SE,stInflow,d274,4.980000000000003
pumpedHydro,AT,stInflow,d275,7.846000000000003
pumpedHydro,CH,stInflow,d275,10.389999999999993
pumpedHydro,FR,stInflow,d275,12.716000000000003
pumpedHydro,IT,stInflow,d275,15.101999999999995
pumpedHydro,NO,stInflow,d275,24.7
pumpedHydro,SE,stInflow,d275,4.980000000000003
pumpedHydro,AT,stInflow,d276,7.846000000000003
pumpedHydro,CH,stInflow,d276,10.389999999999993
pumpedHydro,FR,stInflow,d276,12.716000000000003
pumpedHydro,IT,stInflow,d276,15.101999999999995
pumpedHydro,NO,stInflow,d276,24.7
pumpedHydro,SE,stInflow,d276,4.980000000000003
pumpedHydro,AT,stInflow,d277,7.846000000000003
pumpedHydro,CH,stInflow,d277,10.389999999999993
pumpedHydro,FR,stInflow,d277,12.716000000000003
pumpedHydro,IT,stInflow,d277,15.101999999999995
pumpedHydro,NO,stInflow,d277,24.7
pumpedHydro,SE,stInflow,d277,4.980000000000003
pumpedHydro,AT,stInflow,d278,7.846000000000003
pumpedHydro,CH,stInflow,d278,10.389999999999993
pumpedHydro,FR,stInflow,d278,12.716000000000003
pumpedHydro,IT,stInflow,d278,15.101999999999995
pumpedHydro,NO,stInflow,d278,24.7
pumpedHydro,SE,stInflow,d278,4.980000000000003
pumpedHydro,AT,stInflow,d279,7.846000000000003
pumpedHydro,CH,stInflow,d279,10.389999999999993
pumpedHydro,FR,stInflow,d279,12.716000000000003
pumpedHydro,IT,stInflow,d279,15.101999999999995
pumpedHydro,NO,stInflow,d279,24.7
pumpedHydro,SE,stInflow,d279,4.980000000000003
pumpedHydro,AT,stInflow,d280,7.846000000000003
pumpedHydro,CH,stInflow,d280,10.389999999999993
pumpedHydro,FR,stInflow,d280,12.716000000000003
pumpedHydro,IT,stInflow,d280,15.101999999999995
pumpedHydro,NO,stInflow,d280,24.7
pumpedHydro,SE,stInflow,d280,4.980000000000003
pumpedHydro,AT,stInflow,d281,7.846000000000003
pumpedHydro,CH,stInflow,d281,10.389999999999993
pumpedHydro,FR,stInflow,d281,12.716000000000003
pumpedHydro,IT,stInflow,d281,15.101999999999995
pumpedHydro,NO,stInflow,d281,24.7
pumpedHydro,SE,stInflow,d281,4.980000000000003
pumpedHydro,AT,stInflow,d282,7.846000000000003
pumpedHydro,CH,stInflow,d282,10.389999999999993
pumpedHydro,FR,stInflow,d282,12.716000000000003
pumpedHydro,IT,stInflow,d282,15.101999999999995
pumpedHydro,NO,stInflow,d282,24.7
pumpedHydro,SE,stInflow,d282,4.980000000000003
pumpedHydro,AT,stInflow,d283,7.846000000000003
pumpedHydro,CH,stInflow,d283,10.389999999999993
pumpedHydro,FR,stInflow,d283,12.716000000000003
pumpedHydro,IT,stInflow,d283,15.101999999999995
pumpedHydro,NO,stInflow,d283,24.7
pumpedHydro,SE,stInflow,d283,4.980000000000003
pumpedHydro,AT,stInflow,d284,7.846000000000003
pumpedHydro,CH,stInflow,d284,10.389999999999993
pumpedHydro,FR,stInflow,d284,12.716000000000003
pumpedHydro,IT,stInflow,d284,15.101999999999995
pumpedHydro,NO,stInflow,d284,24.7
pumpedHydro,SE,stInflow,d284,4.980000000000003
pumpedHydro,AT,stInflow,d285,7.846000000000003
pumpedHydro,CH,stInflow,d285,10.389999999999993
pumpedHydro,FR,stInflow,d285,12.716000000000003
pumpedHydro,IT,stInflow,d285,15.101999999999995
pumpedHydro,NO,stInflow,d285,24.7
pumpedHydro,SE,stInflow,d285,4.980000000000003
pumpedHydro,AT,stInflow,d286,7.846000000000003
pumpedHydro,CH,stInflow,d286,10.389999999999993
pumpedHydro,FR,stInflow,d286,12.716000000000003
pumpedHydro,IT,stInflow,d286,15.101999999999995
pumpedHydro,NO,stInflow,d286,24.7
pumpedHydro,SE,stInflow,d286,4.980000000000003
pumpedHydro,AT,stInflow,d287,7.846000000000003
pumpedHydro,CH,stInflow,d287,10.389999999999993
pumpedHydro,FR,stInflow,d287,12.716000000000003
pumpedHydro,IT,stInflow,d287,15.101999999999995
pumpedHydro,NO,stInflow,d287,24.7
pumpedHydro,SE,stInflow,d287,4.980000000000003
pumpedHydro,AT,stInflow,d288,7.846000000000003
pumpedHydro,CH,stInflow,d288,10.389999999999993
pumpedHydro,FR,stInflow,d288,12.716000000000003
pumpedHydro,IT,stInflow,d288,15.101999999999995
pumpedHydro,NO,stInflow,d288,24.7
pumpedHydro,SE,stInflow,d288,4.980000000000003
pumpedHydro,AT,stInflow,d289,7.846000000000003
pumpedHydro,CH,stInflow,d289,10.389999999999993
pumpedHydro,FR,stInflow,d289,12.716000000000003
pumpedHydro,IT,stInflow,d289,15.101999999999995
pumpedHydro,NO,stInflow,d289,24.7
pumpedHydro,SE,stInflow,d289,4.980000000000003
pumpedHydro,AT,stInflow,d290,7.846000000000003
pumpedHydro,CH,stInflow,d290,10.389999999999993
pumpedHydro,FR,stInflow,d290,12.716000000000003
pumpedHydro,IT,stInflow,d290,15.101999999999995
pumpedHydro,NO,stInflow,d290,24.7
pumpedHydro,SE,stInflow,d290,4.980000000000003
pumpedHydro,AT,stInflow,d291,7.846000000000003
pumpedHydro,CH,stInflow,d291,10.389999999999993
pumpedHydro,FR,stInflow,d291,12.716000000000003
pumpedHydro,IT,stInflow,d291,15.101999999999995
pumpedHydro,NO,stInflow,d291,24.7
pumpedHydro,SE,stInflow,d291,4.980000000000003
pumpedHydro,AT,stInflow,d292,7.846000000000003
pumpedHydro,CH,stInflow,d292,10.389999999999993
pumpedHydro,FR,stInflow,d292,12.716000000000003
pumpedHydro,IT,stInflow,d292,15.101999999999995
pumpedHydro,NO,stInflow,d292,24.7
pumpedHydro,SE,stInflow,d292,4.980000000000003
pumpedHydro,AT,stInflow,d293,7.846000000000003
pumpedHydro,CH,stInflow,d293,10.389999999999993
pumpedHydro,FR,stInflow,d293,12.716000000000003
pumpedHydro,IT,stInflow,d293,15.101999999999995
pumpedHydro,NO,stInflow,d293,24.7
pumpedHydro,SE,stInflow,d293,4.980000000000003
pumpedHydro,AT,stInflow,d294,7.846000000000003
pumpedHydro,CH,stInflow,d294,10.389999999999993
pumpedHydro,FR,stInflow,d294,12.716000000000003
pumpedHydro,IT,stInflow,d294,15.101999999999995
pumpedHydro,NO,stInflow,d294,24.7
pumpedHydro,SE,stInflow,d294,4.980000000000003
pumpedHydro,AT,stInflow,d295,7.846000000000003
pumpedHydro,CH,stInflow,d295,10.389999999999993
pumpedHydro,FR,stInflow,d295,12.716000000000003
pumpedHydro,IT,stInflow,d295,15.101999999999995
pumpedHydro,NO,stInflow,d295,24.7
pumpedHydro,SE,stInflow,d295,4.980000000000003
pumpedHydro,AT,stInflow,d296,7.846000000000003
pumpedHydro,CH,stInflow,d296,10.389999999999993
pumpedHydro,FR,stInflow,d296,12.716000000000003
pumpedHydro,IT,stInflow,d296,15.101999999999995
pumpedHydro,NO,stInflow,d296,24.7
pumpedHydro,SE,stInflow,d296,4.980000000000003
pumpedHydro,AT,stInflow,d297,7.846000000000003
pumpedHydro,CH,stInflow,d297,10.389999999999993
pumpedHydro,FR,stInflow,d297,12.716000000000003
pumpedHydro,IT,stInflow,d297,15.101999999999995
pumpedHydro,NO,stInflow,d297,24.7
pumpedHydro,SE,stInflow,d297,4.980000000000003
pumpedHydro,AT,stInflow,d298,7.846000000000003
pumpedHydro,CH,stInflow,d298,10.389999999999993
pumpedHydro,FR,stInflow,d298,12.716000000000003
pumpedHydro,IT,stInflow,d298,15.101999999999995
pumpedHydro,NO,stInflow,d298,24.7
pumpedHydro,SE,stInflow,d298,4.980000000000003
pumpedHydro,AT,stInflow,d299,7.846000000000003
pumpedHydro,CH,stInflow,d299,10.389999999999993
pumpedHydro,FR,stInflow,d299,12.716000000000003
pumpedHydro,IT,stInflow,d299,15.101999999999995
pumpedHydro,NO,stInflow,d299,24.7
pumpedHydro,SE,stInflow,d299,4.980000000000003
pumpedHydro,AT,stInflow,d300,7.846000000000003
pumpedHydro,CH,stInflow,d300,10.389999999999993
pumpedHydro,FR,stInflow,d300,12.716000000000003
pumpedHydro,IT,stInflow,d300,15.101999999999995
pumpedHydro,NO,stInflow,d300,24.7
pumpedHydro,SE,stInflow,d300,4.980000000000003
pumpedHydro,AT,stInflow,d301,7.846000000000003
pumpedHydro,CH,stInflow,d301,10.389999999999993
pumpedHydro,FR,stInflow,d301,12.716000000000003
pumpedHydro,IT,stInflow,d301,15.101999999999995
pumpedHydro,NO,stInflow,d301,24.7
pumpedHydro,SE,stInflow,d301,4.980000000000003
pumpedHydro,AT,stInflow,d302,7.846000000000003
pumpedHydro,CH,stInflow,d302,10.389999999999993
pumpedHydro,FR,stInflow,d302,12.716000000000003
pumpedHydro,IT,stInflow,d302,15.101999999999995
pumpedHydro,NO,stInflow,d302,24.7
pumpedHydro,SE,stInflow,d302,4.980000000000003
pumpedHydro,AT,stInflow,d303,7.846000000000003
pumpedHydro,CH,stInflow,d303,10.389999999999993
pumpedHydro,FR,stInflow,d303,12.716000000000003
pumpedHydro,IT,stInflow,d303,15.101999999999995
pumpedHydro,NO,stInflow,d303,24.7
pumpedHydro,SE,stInflow,d303,4.980000000000003
pumpedHydro,AT,stInflow,d304,7.846000000000003
pumpedHydro,CH,stInflow,d304,10.389999999999993
pumpedHydro,FR,stInflow,d304,12.716000000000003
pumpedHydro,IT,stInflow,d304,15.101999999999995
pumpedHydro,NO,stInflow,d304,24.7
pumpedHydro,SE,stInflow,d304,4.980000000000003
pumpedHydro,AT,stInflow,d305,7.846000000000003
pumpedHydro,CH,stInflow,d305,10.389999999999993
pumpedHydro,FR,stInflow,d305,12.716000000000003
pumpedHydro,IT,stInflow,d305,15.101999999999995
pumpedHydro,NO,stInflow,d305,24.7
pumpedHydro,SE,stInflow,d305,4.980000000000003
pumpedHydro,AT,stInflow,d306,7.846000000000003
pumpedHydro,CH,stInflow,d306,10.389999999999993
pumpedHydro,FR,stInflow,d306,12.716000000000003
pumpedHydro,IT,stInflow,d306,15.101999999999995
pumpedHydro,NO,stInflow,d306,24.7
pumpedHydro,SE,stInflow,d306,4.980000000000003
pumpedHydro,AT,stInflow,d307,7.846000000000003
pumpedHydro,CH,stInflow,d307,10.389999999999993
pumpedHydro,FR,stInflow,d307,12.716000000000003
pumpedHydro,IT,stInflow,d307,15.101999999999995
pumpedHydro,NO,stInflow,d307,24.7
pumpedHydro,SE,stInflow,d307,4.980000000000003
pumpedHydro,AT,stInflow,d308,7.846000000000003
pumpedHydro,CH,stInflow,d308,10.389999999999993
pumpedHydro,FR,stInflow,d308,12.716000000000003
pumpedHydro,IT,stInflow,d308,15.101999999999995
pumpedHydro,NO,stInflow,d308,24.7
pumpedHydro,SE,stInflow,d308,4.980000000000003
pumpedHydro,AT,stInflow,d309,7.846000000000003
pumpedHydro,CH,stInflow,d309,10.389999999999993
pumpedHydro,FR,stInflow,d309,12.716000000000003
pumpedHydro,IT,stInflow,d309,15.101999999999995
pumpedHydro,NO,stInflow,d309,24.7
pumpedHydro,SE,stInflow,d309,4.980000000000003
pumpedHydro,AT,stInflow,d310,7.846000000000003
pumpedHydro,CH,stInflow,d310,10.389999999999993
pumpedHydro,FR,stInflow,d310,12.716000000000003
pumpedHydro,IT,stInflow,d310,15.101999999999995
pumpedHydro,NO,stInflow,d310,24.7
pumpedHydro,SE,stInflow,d310,4.980000000000003
pumpedHydro,AT,stInflow,d311,7.846000000000003
pumpedHydro,CH,stInflow,d311,10.389999999999993
pumpedHydro,FR,stInflow,d311,12.716000000000003
pumpedHydro,IT,stInflow,d311,15.101999999999995
pumpedHydro,NO,stInflow,d311,24.7
pumpedHydro,SE,stInflow,d311,4.980000000000003
pumpedHydro,AT,stInflow,d312,7.846000000000003
pumpedHydro,CH,stInflow,d312,10.389999999999993
pumpedHydro,FR,stInflow,d312,12.716000000000003
pumpedHydro,IT,stInflow,d312,15.101999999999995
pumpedHydro,NO,stInflow,d312,24.7
pumpedHydro,SE,stInflow,d312,4.980000000000003
pumpedHydro,AT,stInflow,d313,7.846000000000003
pumpedHydro,CH,stInflow,d313,10.389999999999993
pumpedHydro,FR,stInflow,d313,12.716000000000003
pumpedHydro,IT,stInflow,d313,15.101999999999995
pumpedHydro,NO,stInflow,d313,24.7
pumpedHydro,SE,stInflow,d313,4.980000000000003
pumpedHydro,AT,stInflow,d314,7.846000000000003
pumpedHydro,CH,stInflow,d314,10.389999999999993
pumpedHydro,FR,stInflow,d314,12.716000000000003
pumpedHydro,IT,stInflow,d314,15.101999999999995
pumpedHydro,NO,stInflow,d314,24.7
pumpedHydro,SE,stInflow,d314,4.980000000000003
pumpedHydro,AT,stInflow,d315,7.846000000000003
pumpedHydro,CH,stInflow,d315,10.389999999999993
pumpedHydro,FR,stInflow,d315,12.716000000000003
pumpedHydro,IT,stInflow,d315,15.101999999999995
pumpedHydro,NO,stInflow,d315,24.7
pumpedHydro,SE,stInflow,d315,4.980000000000003
pumpedHydro,AT,stInflow,d316,7.846000000000003
pumpedHydro,CH,stInflow,d316,10.389999999999993
pumpedHydro,FR,stInflow,d316,12.716000000000003
pumpedHydro,IT,stInflow,d316,15.101999999999995
pumpedHydro,NO,stInflow,d316,24.7
pumpedHydro,SE,stInflow,d316,4.980000000000003
pumpedHydro,AT,stInflow,d317,7.846000000000003
pumpedHydro,CH,stInflow,d317,10.389999999999993
pumpedHydro,FR,stInflow,d317,12.716000000000003
pumpedHydro,IT,stInflow,d317,15.101999999999995
pumpedHydro,NO,stInflow,d317,24.7
pumpedHydro,SE,stInflow,d317,4.980000000000003
pumpedHydro,AT,stInflow,d318,7.846000000000003
pumpedHydro,CH,stInflow,d318,10.389999999999993
pumpedHydro,FR,stInflow,d318,12.716000000000003
pumpedHydro,IT,stInflow,d318,15.101999999999995
pumpedHydro,NO,stInflow,d318,24.7
pumpedHydro,SE,stInflow,d318,4.980000000000003
pumpedHydro,AT,stInflow,d319,7.846000000000003
pumpedHydro,CH,stInflow,d319,10.389999999999993
pumpedHydro,FR,stInflow,d319,12.716000000000003
pumpedHydro,IT,stInflow,d319,15.101999999999995
pumpedHydro,NO,stInflow,d319,24.7
pumpedHydro,SE,stInflow,d319,4.980000000000003
pumpedHydro,AT,stInflow,d320,7.846000000000003
pumpedHydro,CH,stInflow,d320,10.389999999999993
pumpedHydro,FR,stInflow,d320,12.716000000000003
pumpedHydro,IT,stInflow,d320,15.101999999999995
pumpedHydro,NO,stInflow,d320,24.7
pumpedHydro,SE,stInflow,d320,4.980000000000003
pumpedHydro,AT,stInflow,d321,7.846000000000003
pumpedHydro,CH,stInflow,d321,10.389999999999993
pumpedHydro,FR,stInflow,d321,12.716000000000003
pumpedHydro,IT,stInflow,d321,15.101999999999995
pumpedHydro,NO,stInflow,d321,24.7
pumpedHydro,SE,stInflow,d321,4.980000000000003
pumpedHydro,AT,stInflow,d322,7.846000000000003
pumpedHydro,CH,stInflow,d322,10.389999999999993
pumpedHydro,FR,stInflow,d322,12.716000000000003
pumpedHydro,IT,stInflow,d322,15.101999999999995
pumpedHydro,NO,stInflow,d322,24.7
pumpedHydro,SE,stInflow,d322,4.980000000000003
pumpedHydro,AT,stInflow,d323,7.846000000000003
pumpedHydro,CH,stInflow,d323,10.389999999999993
pumpedHydro,FR,stInflow,d323,12.716000000000003
pumpedHydro,IT,stInflow,d323,15.101999999999995
pumpedHydro,NO,stInflow,d323,24.7
pumpedHydro,SE,stInflow,d323,4.980000000000003
pumpedHydro,AT,stInflow,d324,7.846000000000003
pumpedHydro,CH,stInflow,d324,10.389999999999993
pumpedHydro,FR,stInflow,d324,12.716000000000003
pumpedHydro,IT,stInflow,d324,15.101999999999995
pumpedHydro,NO,stInflow,d324,24.7
pumpedHydro,SE,stInflow,d324,4.980000000000003
pumpedHydro,AT,stInflow,d325,7.846000000000003
pumpedHydro,CH,stInflow,d325,10.389999999999993
pumpedHydro,FR,stInflow,d325,12.716000000000003
pumpedHydro,IT,stInflow,d325,15.101999999999995
pumpedHydro,NO,stInflow,d325,24.7
pumpedHydro,SE,stInflow,d325,4.980000000000003
pumpedHydro,AT,stInflow,d326,7.846000000000003
pumpedHydro,CH,stInflow,d326,10.389999999999993
pumpedHydro,FR,stInflow,d326,12.716000000000003
pumpedHydro,IT,stInflow,d326,15.101999999999995
pumpedHydro,NO,stInflow,d326,24.7
pumpedHydro,SE,stInflow,d326,4.980000000000003
pumpedHydro,AT,stInflow,d327,7.846000000000003
pumpedHydro,CH,stInflow,d327,10.389999999999993
pumpedHydro,FR,stInflow,d327,12.716000000000003
pumpedHydro,IT,stInflow,d327,15.101999999999995
pumpedHydro,NO,stInflow,d327,24.7
pumpedHydro,SE,stInflow,d327,4.980000000000003
pumpedHydro,AT,stInflow,d328,7.846000000000003
pumpedHydro,CH,stInflow,d328,10.389999999999993
pumpedHydro,FR,stInflow,d328,12.716000000000003
pumpedHydro,IT,stInflow,d328,15.101999999999995
pumpedHydro,NO,stInflow,d328,24.7
pumpedHydro,SE,stInflow,d328,4.980000000000003
pumpedHydro,AT,stInflow,d329,7.846000000000003
pumpedHydro,CH,stInflow,d329,10.389999999999993
pumpedHydro,FR,stInflow,d329,12.716000000000003
pumpedHydro,IT,stInflow,d329,15.101999999999995
pumpedHydro,NO,stInflow,d329,24.7
pumpedHydro,SE,stInflow,d329,4.980000000000003
pumpedHydro,AT,stInflow,d330,7.846000000000003
pumpedHydro,CH,stInflow,d330,10.389999999999993
pumpedHydro,FR,stInflow,d330,12.716000000000003
pumpedHydro,IT,stInflow,d330,15.101999999999995
pumpedHydro,NO,stInflow,d330,24.7
pumpedHydro,SE,stInflow,d330,4.980000000000003
pumpedHydro,AT,stInflow,d331,7.846000000000003
pumpedHydro,CH,stInflow,d331,10.389999999999993
pumpedHydro,FR,stInflow,d331,12.716000000000003
pumpedHydro,IT,stInflow,d331,15.101999999999995
pumpedHydro,NO,stInflow,d331,24.7
pumpedHydro,SE,stInflow,d331,4.980000000000003
pumpedHydro,AT,stInflow,d332,7.846000000000003
pumpedHydro,CH,stInflow,d332,10.389999999999993
pumpedHydro,FR,stInflow,d332,12.716000000000003
pumpedHydro,IT,stInflow,d332,15.101999999999995
pumpedHydro,NO,stInflow,d332,24.7
pumpedHydro,SE,stInflow,d332,4.980000000000003
pumpedHydro,AT,stInflow,d333,7.846000000000003
pumpedHydro,CH,stInflow,d333,10.389999999999993
pumpedHydro,FR,stInflow,d333,12.716000000000003
pumpedHydro,IT,stInflow,d333,15.101999999999995
pumpedHydro,NO,stInflow,d333,24.7
pumpedHydro,SE,stInflow,d333,4.980000000000003
pumpedHydro,AT,stInflow,d334,7.846000000000003
pumpedHydro,CH,stInflow,d334,10.389999999999993
pumpedHydro,FR,stInflow,d334,12.716000000000003
pumpedHydro,IT,stInflow,d334,15.101999999999995
pumpedHydro,NO,stInflow,d334,24.7
pumpedHydro,SE,stInflow,d334,4.980000000000003
pumpedHydro,AT,stInflow,d335,7.846000000000003
pumpedHydro,CH,stInflow,d335,10.389999999999993
pumpedHydro,FR,stInflow,d335,12.716000000000003
pumpedHydro,IT,stInflow,d335,15.101999999999995
pumpedHydro,NO,stInflow,d335,24.7
pumpedHydro,SE,stInflow,d335,4.980000000000003
pumpedHydro,AT,stInflow,d336,7.846000000000003
pumpedHydro,CH,stInflow,d336,10.389999999999993
pumpedHydro,FR,stInflow,d336,12.716000000000003
pumpedHydro,IT,stInflow,d336,15.101999999999995
pumpedHydro,NO,stInflow,d336,24.7
pumpedHydro,SE,stInflow,d336,4.980000000000003
pumpedHydro,AT,stInflow,d337,7.846000000000003
pumpedHydro,CH,stInflow,d337,10.389999999999993
pumpedHydro,FR,stInflow,d337,12.716000000000003
pumpedHydro,IT,stInflow,d337,15.101999999999995
pumpedHydro,NO,stInflow,d337,24.7
pumpedHydro,SE,stInflow,d337,4.980000000000003
pumpedHydro,AT,stInflow,d338,7.846000000000003
pumpedHydro,CH,stInflow,d338,10.389999999999993
pumpedHydro,FR,stInflow,d338,12.716000000000003
pumpedHydro,IT,stInflow,d338,15.101999999999995
pumpedHydro,NO,stInflow,d338,24.7
pumpedHydro,SE,stInflow,d338,4.980000000000003
pumpedHydro,AT,stInflow,d339,7.846000000000003
pumpedHydro,CH,stInflow,d339,10.389999999999993
pumpedHydro,FR,stInflow,d339,12.716000000000003
pumpedHydro,IT,stInflow,d339,15.101999999999995
pumpedHydro,NO,stInflow,d339,24.7
pumpedHydro,SE,stInflow,d339,4.980000000000003
pumpedHydro,AT,stInflow,d340,7.846000000000003
pumpedHydro,CH,stInflow,d340,10.389999999999993
pumpedHydro,FR,stInflow,d340,12.716000000000003
pumpedHydro,IT,stInflow,d340,15.101999999999995
pumpedHydro,NO,stInflow,d340,24.7
pumpedHydro,SE,stInflow,d340,4.980000000000003
pumpedHydro,AT,stInflow,d341,7.846000000000003
pumpedHydro,CH,stInflow,d341,10.389999999999993
pumpedHydro,FR,stInflow,d341,12.716000000000003
pumpedHydro,IT,stInflow,d341,15.101999999999995
pumpedHydro,NO,stInflow,d341,24.7
pumpedHydro,SE,stInflow,d341,4.980000000000003
pumpedHydro,AT,stInflow,d342,7.846000000000003
pumpedHydro,CH,stInflow,d342,10.389999999999993
pumpedHydro,FR,stInflow,d342,12.716000000000003
pumpedHydro,IT,stInflow,d342,15.101999999999995
pumpedHydro,NO,stInflow,d342,24.7
pumpedHydro,SE,stInflow,d342,4.980000000000003
pumpedHydro,AT,stInflow,d343,7.846000000000003
pumpedHydro,CH,stInflow,d343,10.389999999999993
pumpedHydro,FR,stInflow,d343,12.716000000000003
pumpedHydro,IT,stInflow,d343,15.101999999999995
pumpedHydro,NO,stInflow,d343,24.7
pumpedHydro,SE,stInflow,d343,4.980000000000003
pumpedHydro,AT,stInflow,d344,7.846000000000003
pumpedHydro,CH,stInflow,d344,10.389999999999993
pumpedHydro,FR,stInflow,d344,12.716000000000003
pumpedHydro,IT,stInflow,d344,15.101999999999995
pumpedHydro,NO,stInflow,d344,24.7
pumpedHydro,SE,stInflow,d344,4.980000000000003
pumpedHydro,AT,stInflow,d345,7.846000000000003
pumpedHydro,CH,stInflow,d345,10.389999999999993
pumpedHydro,FR,stInflow,d345,12.716000000000003
pumpedHydro,IT,stInflow,d345,15.101999999999995
pumpedHydro,NO,stInflow,d345,24.7
pumpedHydro,SE,stInflow,d345,4.980000000000003
pumpedHydro,AT,stInflow,d346,7.846000000000003
pumpedHydro,CH,stInflow,d346,10.389999999999993
pumpedHydro,FR,stInflow,d346,12.716000000000003
pumpedHydro,IT,stInflow,d346,15.101999999999995
pumpedHydro,NO,stInflow,d346,24.7
pumpedHydro,SE,stInflow,d346,4.980000000000003
pumpedHydro,AT,stInflow,d347,7.846000000000003
pumpedHydro,CH,stInflow,d347,10.389999999999993
pumpedHydro,FR,stInflow,d347,12.716000000000003
pumpedHydro,IT,stInflow,d347,15.101999999999995
pumpedHydro,NO,stInflow,d347,24.7
pumpedHydro,SE,stInflow,d347,4.980000000000003
pumpedHydro,AT,stInflow,d348,7.846000000000003
pumpedHydro,CH,stInflow,d348,10.389999999999993
pumpedHydro,FR,stInflow,d348,12.716000000000003
pumpedHydro,IT,stInflow,d348,15.101999999999995
pumpedHydro,NO,stInflow,d348,24.7
pumpedHydro,SE,stInflow,d348,4.980000000000003
pumpedHydro,AT,stInflow,d349,7.846000000000003
pumpedHydro,CH,stInflow,d349,10.389999999999993
pumpedHydro,FR,stInflow,d349,12.716000000000003
pumpedHydro,IT,stInflow,d349,15.101999999999995
pumpedHydro,NO,stInflow,d349,24.7
pumpedHydro,SE,stInflow,d349,4.980000000000003
pumpedHydro,AT,stInflow,d350,7.846000000000003
pumpedHydro,CH,stInflow,d350,10.389999999999993
pumpedHydro,FR,stInflow,d350,12.716000000000003
pumpedHydro,IT,stInflow,d350,15.101999999999995
pumpedHydro,NO,stInflow,d350,24.7
pumpedHydro,SE,stInflow,d350,4.980000000000003
pumpedHydro,AT,stInflow,d351,7.846000000000003
pumpedHydro,CH,stInflow,d351,10.389999999999993
pumpedHydro,FR,stInflow,d351,12.716000000000003
pumpedHydro,IT,stInflow,d351,15.101999999999995
pumpedHydro,NO,stInflow,d351,24.7
pumpedHydro,SE,stInflow,d351,4.980000000000003
pumpedHydro,AT,stInflow,d352,7.846000000000003
pumpedHydro,CH,stInflow,d352,10.389999999999993
pumpedHydro,FR,stInflow,d352,12.716000000000003
pumpedHydro,IT,stInflow,d352,15.101999999999995
pumpedHydro,NO,stInflow,d352,24.7
pumpedHydro,SE,stInflow,d352,4.980000000000003
pumpedHydro,AT,stInflow,d353,7.846000000000003
pumpedHydro,CH,stInflow,d353,10.389999999999993
pumpedHydro,FR,stInflow,d353,12.716000000000003
pumpedHydro,IT,stInflow,d353,15.101999999999995
pumpedHydro,NO,stInflow,d353,24.7
pumpedHydro,SE,stInflow,d353,4.980000000000003
pumpedHydro,AT,stInflow,d354,7.846000000000003
pumpedHydro,CH,stInflow,d354,10.389999999999993
pumpedHydro,FR,stInflow,d354,12.716000000000003
pumpedHydro,IT,stInflow,d354,15.101999999999995
pumpedHydro,NO,stInflow,d354,24.7
pumpedHydro,SE,stInflow,d354,4.980000000000003
pumpedHydro,AT,stInflow,d355,7.846000000000003
pumpedHydro,CH,stInflow,d355,10.389999999999993
pumpedHydro,FR,stInflow,d355,12.716000000000003
pumpedHydro,IT,stInflow,d355,15.101999999999995
pumpedHydro,NO,stInflow,d355,24.7
pumpedHydro,SE,stInflow,d355,4.980000000000003
pumpedHydro,AT,stInflow,d356,7.846000000000003
pumpedHydro,CH,stInflow,d356,10.389999999999993
pumpedHydro,FR,stInflow,d356,12.716000000000003
pumpedHydro,IT,stInflow,d356,15.101999999999995
pumpedHydro,NO,stInflow,d356,24.7
pumpedHydro,SE,stInflow,d356,4.980000000000003
pumpedHydro,AT,stInflow,d357,7.846000000000003
pumpedHydro,CH,stInflow,d357,10.389999999999993
pumpedHydro,FR,stInflow,d357,12.716000000000003
pumpedHydro,IT,stInflow,d357,15.101999999999995
pumpedHydro,NO,stInflow,d357,24.7
pumpedHydro,SE,stInflow,d357,4.980000000000003
pumpedHydro,AT,stInflow,d358,7.846000000000003
pumpedHydro,CH,stInflow,d358,10.389999999999993
pumpedHydro,FR,stInflow,d358,12.716000000000003
pumpedHydro,IT,stInflow,d358,15.101999999999995
pumpedHydro,NO,stInflow,d358,24.7
pumpedHydro,SE,stInflow,d358,4.980000000000003
pumpedHydro,AT,stInflow,d359,7.846000000000003
pumpedHydro,CH,stInflow,d359,10.389999999999993
pumpedHydro,FR,stInflow,d359,12.716000000000003
pumpedHydro,IT,stInflow,d359,15.101999999999995
pumpedHydro,NO,stInflow,d359,24.7
pumpedHydro,SE,stInflow,d359,4.980000000000003
pumpedHydro,AT,stInflow,d360,7.846000000000003
pumpedHydro,CH,stInflow,d360,10.389999999999993
pumpedHydro,FR,stInflow,d360,12.716000000000003
pumpedHydro,IT,stInflow,d360,15.101999999999995
pumpedHydro,NO,stInflow,d360,24.7
pumpedHydro,SE,stInflow,d360,4.980000000000003
pumpedHydro,AT,stInflow,d361,7.846000000000003
pumpedHydro,CH,stInflow,d361,10.389999999999993
pumpedHydro,FR,stInflow,d361,12.716000000000003
pumpedHydro,IT,stInflow,d361,15.101999999999995
pumpedHydro,NO,stInflow,d361,24.7
pumpedHydro,SE,stInflow,d361,4.980000000000003
pumpedHydro,AT,stInflow,d362,7.846000000000003
pumpedHydro,CH,stInflow,d362,10.389999999999993
pumpedHydro,FR,stInflow,d362,12.716000000000003
pumpedHydro,IT,stInflow,d362,15.101999999999995
pumpedHydro,NO,stInflow,d362,24.7
pumpedHydro,SE,stInflow,d362,4.980000000000003
pumpedHydro,AT,stInflow,d363,7.846000000000003
pumpedHydro,CH,stInflow,d363,10.389999999999993
pumpedHydro,FR,stInflow,d363,12.716000000000003
pumpedHydro,IT,stInflow,d363,15.101999999999995
pumpedHydro,NO,stInflow,d363,24.7
pumpedHydro,SE,stInflow,d363,4.980000000000003
pumpedHydro,AT,stInflow,d364,7.846000000000003
pumpedHydro,CH,stInflow,d364,10.389999999999993
pumpedHydro,FR,stInflow,d364,12.716000000000003
pumpedHydro,IT,stInflow,d364,15.101999999999995
pumpedHydro,NO,stInflow,d364,24.7
pumpedHydro,SE,stInflow,d364,4.980000000000003
pumpedHydro,AT,stInflow,d365,7.846000000000003
pumpedHydro,CH,stInflow,d365,10.389999999999993
pumpedHydro,FR,stInflow,d365,12.716000000000003
pumpedHydro,IT,stInflow,d365,15.101999999999995
pumpedHydro,NO,stInflow,d365,24.7
pumpedHydro,SE,stInflow,d365,4.980000000000003
