value,parameter,region_2,technology_1,technology_2
0.0,capaConvLow,DE11,,offshore_c
0.0,capaConvLow,DE12,,offshore_c
0.0,capaConvLow,DE13,,offshore_c
0.0,capaConvLow,DE14,,offshore_c
0.0,capaConvLow,DE21,,offshore_c
0.0,capaConvLow,DE22,,offshore_c
0.0,capaConvLow,DE23,,offshore_c
0.0,capaConvLow,DE24,,offshore_c
0.0,capaConvLow,DE25,,offshore_c
0.0,capaConvLow,DE26,,offshore_c
0.0,capaConvLow,DE27,,offshore_c
0.0,capaConvLow,DE30,,offshore_c
0.0,capaConvLow,DE40,,offshore_c
0.0,capaConvLow,DE50,,offshore_c
0.0,capaConvLow,DE60,,offshore_c
0.0,capaConvLow,DE71,,offshore_c
0.0,capaConvLow,DE72,,offshore_c
0.0,capaConvLow,DE73,,offshore_c
0.0,capaConvLow,DE80,,offshore_c
0.0,capaConvLow,DE91,,offshore_c
0.0,capaConvLow,DE92,,offshore_c
0.0,capaConvLow,DE93,,offshore_c
0.0,capaConvLow,DE94,,offshore_c
0.0,capaConvLow,DEA1,,offshore_c
0.0,capaConvLow,DEA2,,offshore_c
0.0,capaConvLow,DEA3,,offshore_c
0.0,capaConvLow,DEA4,,offshore_c
0.0,capaConvLow,DEA5,,offshore_c
0.0,capaConvLow,DEB1,,offshore_c
0.0,capaConvLow,DEB2,,offshore_c
0.0,capaConvLow,DEB3,,offshore_c
0.0,capaConvLow,DEC0_,,offshore_c
0.0,capaConvLow,DED2,,offshore_c
0.0,capaConvLow,DED4,,offshore_c
0.0,capaConvLow,DED5,,offshore_c
0.0,capaConvLow,DEE0,,offshore_c
0.0,capaConvLow,DEF0,,offshore_c
0.0,capaConvLow,DEG0,,offshore_c
0.0,capaConvLow,DE11,,offshore_a
0.0,capaConvLow,DE12,,offshore_a
0.0,capaConvLow,DE13,,offshore_a
0.0,capaConvLow,DE14,,offshore_a
0.0,capaConvLow,DE21,,offshore_a
0.0,capaConvLow,DE22,,offshore_a
0.0,capaConvLow,DE23,,offshore_a
0.0,capaConvLow,DE24,,offshore_a
0.0,capaConvLow,DE25,,offshore_a
0.0,capaConvLow,DE26,,offshore_a
0.0,capaConvLow,DE27,,offshore_a
0.0,capaConvLow,DE30,,offshore_a
0.0,capaConvLow,DE40,,offshore_a
0.0,capaConvLow,DE50,,offshore_a
0.0,capaConvLow,DE60,,offshore_a
0.0,capaConvLow,DE71,,offshore_a
0.0,capaConvLow,DE72,,offshore_a
0.0,capaConvLow,DE73,,offshore_a
12.06,capaConvLow,DE80,,offshore_a
0.0,capaConvLow,DE91,,offshore_a
0.0,capaConvLow,DE92,,offshore_a
0.0,capaConvLow,DE93,,offshore_a
9.100000000000001,capaConvLow,DE94,,offshore_a
0.0,capaConvLow,DEA1,,offshore_a
0.0,capaConvLow,DEA2,,offshore_a
0.0,capaConvLow,DEA3,,offshore_a
0.0,capaConvLow,DEA4,,offshore_a
0.0,capaConvLow,DEA5,,offshore_a
0.0,capaConvLow,DEB1,,offshore_a
0.0,capaConvLow,DEB2,,offshore_a
0.0,capaConvLow,DEB3,,offshore_a
0.0,capaConvLow,DEC0_,,offshore_a
0.0,capaConvLow,DED2,,offshore_a
0.0,capaConvLow,DED4,,offshore_a
0.0,capaConvLow,DED5,,offshore_a
0.0,capaConvLow,DEE0,,offshore_a
28.799999999966314,capaConvLow,DEF0,,offshore_a
0.0,capaConvLow,DEG0,,offshore_a
0.0,capaConvLow,DE11,,offshore_b
0.0,capaConvLow,DE12,,offshore_b
0.0,capaConvLow,DE13,,offshore_b
0.0,capaConvLow,DE14,,offshore_b
0.0,capaConvLow,DE21,,offshore_b
0.0,capaConvLow,DE22,,offshore_b
0.0,capaConvLow,DE23,,offshore_b
0.0,capaConvLow,DE24,,offshore_b
0.0,capaConvLow,DE25,,offshore_b
0.0,capaConvLow,DE26,,offshore_b
0.0,capaConvLow,DE27,,offshore_b
0.0,capaConvLow,DE30,,offshore_b
0.0,capaConvLow,DE40,,offshore_b
0.0,capaConvLow,DE50,,offshore_b
0.0,capaConvLow,DE60,,offshore_b
0.0,capaConvLow,DE71,,offshore_b
0.0,capaConvLow,DE72,,offshore_b
0.0,capaConvLow,DE73,,offshore_b
0.0,capaConvLow,DE80,,offshore_b
0.0,capaConvLow,DE91,,offshore_b
0.0,capaConvLow,DE92,,offshore_b
0.0,capaConvLow,DE93,,offshore_b
0.0,capaConvLow,DE94,,offshore_b
0.0,capaConvLow,DEA1,,offshore_b
0.0,capaConvLow,DEA2,,offshore_b
0.0,capaConvLow,DEA3,,offshore_b
0.0,capaConvLow,DEA4,,offshore_b
0.0,capaConvLow,DEA5,,offshore_b
0.0,capaConvLow,DEB1,,offshore_b
0.0,capaConvLow,DEB2,,offshore_b
0.0,capaConvLow,DEB3,,offshore_b
0.0,capaConvLow,DEC0_,,offshore_b
0.0,capaConvLow,DED2,,offshore_b
0.0,capaConvLow,DED4,,offshore_b
0.0,capaConvLow,DED5,,offshore_b
0.0,capaConvLow,DEE0,,offshore_b
0.0,capaConvLow,DEF0,,offshore_b
0.0,capaConvLow,DEG0,,offshore_b
2.172118225362437,capaConvLow,DE11,,rooftop_c
2.3585575033042216,capaConvLow,DE12,,rooftop_c
0.8532965026729474,capaConvLow,DE13,,rooftop_c
2.0549050736629937,capaConvLow,DE14,,rooftop_c
1.4554944091763211,capaConvLow,DE21,,rooftop_c
1.481545691,capaConvLow,DE22,,rooftop_c
0.6658744887507477,capaConvLow,DE23,,rooftop_c
0.11497822181188765,capaConvLow,DE24,,rooftop_c
1.3843152678154613,capaConvLow,DE25,,rooftop_c
1.3992123486953734,capaConvLow,DE26,,rooftop_c
2.544531592012309,capaConvLow,DE27,,rooftop_c
0.10146846392685563,capaConvLow,DE30,,rooftop_c
1.5085719986531305,capaConvLow,DE40,,rooftop_c
0.03501668994449829,capaConvLow,DE50,,rooftop_c
0.042564219699999295,capaConvLow,DE60,,rooftop_c
2.757468601987182,capaConvLow,DE71,,rooftop_c
0.8947626809052377,capaConvLow,DE72,,rooftop_c
1.7685881365436278,capaConvLow,DE73,,rooftop_c
1.2507005216598026,capaConvLow,DE80,,rooftop_c
2.0402214102122174,capaConvLow,DE91,,rooftop_c
1.807586105490962,capaConvLow,DE92,,rooftop_c
3.0287713320150846,capaConvLow,DE93,,rooftop_c
3.5929746486324765,capaConvLow,DE94,,rooftop_c
3.7554333797967745,capaConvLow,DEA1,,rooftop_c
1.6837654738939407,capaConvLow,DEA2,,rooftop_c
1.8789616653492187,capaConvLow,DEA3,,rooftop_c
2.3491921614836064,capaConvLow,DEA4,,rooftop_c
0.8241205455321112,capaConvLow,DEA5,,rooftop_c
1.0271430267582384,capaConvLow,DEB1,,rooftop_c
0.1798084549237864,capaConvLow,DEB2,,rooftop_c
0.7190173180616215,capaConvLow,DEB3,,rooftop_c
0.34618675826825435,capaConvLow,DEC0_,,rooftop_c
1.598636159850668,capaConvLow,DED2,,rooftop_c
0.363846781640127,capaConvLow,DED4,,rooftop_c
0.057553301254368076,capaConvLow,DED5,,rooftop_c
2.9587768683351006,capaConvLow,DEE0,,rooftop_c
3.677697437871398,capaConvLow,DEF0,,rooftop_c
2.226519619798142,capaConvLow,DEG0,,rooftop_c
1.468046619924183,capaConvLow,DE11,,openspace_a
0.24917442690972594,capaConvLow,DE12,,openspace_a
0.21028108991822952,capaConvLow,DE13,,openspace_a
1.5749802069322312,capaConvLow,DE14,,openspace_a
0.46681489192303244,capaConvLow,DE21,,openspace_a
0.3725749889209344,capaConvLow,DE22,,openspace_a
1.2069943279159578,capaConvLow,DE23,,openspace_a
1.4059566128385887,capaConvLow,DE24,,openspace_a
1.15690910091643,capaConvLow,DE25,,openspace_a
0.733171384599992,capaConvLow,DE26,,openspace_a
3.215909573956091,capaConvLow,DE27,,openspace_a
0.015011282890042308,capaConvLow,DE30,,openspace_a
5.426824317896847,capaConvLow,DE40,,openspace_a
0.011790759183029263,capaConvLow,DE50,,openspace_a
0.04033597442418114,capaConvLow,DE60,,openspace_a
0.9990073508377896,capaConvLow,DE71,,openspace_a
0.3161166163983368,capaConvLow,DE72,,openspace_a
0.9262486396640852,capaConvLow,DE73,,openspace_a
3.561253690884293,capaConvLow,DE80,,openspace_a
0.7939202893634238,capaConvLow,DE91,,openspace_a
4.700802124515505,capaConvLow,DE92,,openspace_a
3.7081680983770218,capaConvLow,DE93,,openspace_a
4.275949497691999,capaConvLow,DE94,,openspace_a
0.9535200498575331,capaConvLow,DEA1,,openspace_a
1.3305864148930289,capaConvLow,DEA2,,openspace_a
0.38689740675362755,capaConvLow,DEA3,,openspace_a
2.053971139539472,capaConvLow,DEA4,,openspace_a
0.4509509173322014,capaConvLow,DEA5,,openspace_a
1.074646824767991,capaConvLow,DEB1,,openspace_a
0.5585739988306606,capaConvLow,DEB2,,openspace_a
0.5137441558997942,capaConvLow,DEB3,,openspace_a
0.31261900390188674,capaConvLow,DEC0_,,openspace_a
0.7759003879021379,capaConvLow,DED2,,openspace_a
1.0874763599060582,capaConvLow,DED4,,openspace_a
0.7975185819118907,capaConvLow,DED5,,openspace_a
6.216311491898232,capaConvLow,DEE0,,openspace_a
4.069915997816153,capaConvLow,DEF0,,openspace_a
0.9879297364978535,capaConvLow,DEG0,,openspace_a
2.6061720839688736,capaConvLow,DE11,,onshore_a
1.823071732956167,capaConvLow,DE12,,onshore_a
2.221304875880486,capaConvLow,DE13,,onshore_a
1.97389856895658,capaConvLow,DE14,,onshore_a
6.536671662851323,capaConvLow,DE21,,onshore_a
0.03345757165312834,capaConvLow,DE22,,onshore_a
2.084189606965899,capaConvLow,DE23,,onshore_a
2.564223397799398,capaConvLow,DE24,,onshore_a
1.9496280279705767,capaConvLow,DE25,,onshore_a
3.206902279961494,capaConvLow,DE26,,onshore_a
0.158881230083957,capaConvLow,DE27,,onshore_a
0.029863467955858734,capaConvLow,DE30,,onshore_a
5.587513129970936,capaConvLow,DE40,,onshore_a
0.162409,capaConvLow,DE50,,onshore_a
0.13103806698743178,capaConvLow,DE60,,onshore_a
2.0740274879423746,capaConvLow,DE71,,onshore_a
1.580391211778239,capaConvLow,DE72,,onshore_a
3.6976112738210785,capaConvLow,DE73,,onshore_a
11.42057760999273,capaConvLow,DE80,,onshore_a
1.9223916429784043,capaConvLow,DE91,,onshore_a
5.429526485990495,capaConvLow,DE92,,onshore_a
5.8631766829943155,capaConvLow,DE93,,onshore_a
4.487999423997974,capaConvLow,DE94,,onshore_a
0.384526041,capaConvLow,DEA1,,onshore_a
2.7663578759865755,capaConvLow,DEA2,,onshore_a
4.626818455989539,capaConvLow,DEA3,,onshore_a
1.2910142,capaConvLow,DEA4,,onshore_a
0.7459302769389848,capaConvLow,DEA5,,onshore_a
2.1494383079801045,capaConvLow,DEB1,,onshore_a
0.9185564779346093,capaConvLow,DEB2,,onshore_a
2.0258638019686566,capaConvLow,DEB3,,onshore_a
0.7702417639797521,capaConvLow,DEC0_,,onshore_a
3.5992470829817416,capaConvLow,DED2,,onshore_a
2.187893594981223,capaConvLow,DED4,,onshore_a
0.4101554879689828,capaConvLow,DED5,,onshore_a
5.64027603098484,capaConvLow,DEE0,,onshore_a
8.478651296997723,capaConvLow,DEF0,,onshore_a
3.2643648059753914,capaConvLow,DEG0,,onshore_a
2.767323347477088,capaConvLow,DE11,,onshore_b
0.0,capaConvLow,DE12,,onshore_b
0.0,capaConvLow,DE13,,onshore_b
0.0,capaConvLow,DE14,,onshore_b
0.0,capaConvLow,DE21,,onshore_b
5.784660398952809,capaConvLow,DE22,,onshore_b
2.8479538556064403,capaConvLow,DE23,,onshore_b
1.46681832997435,capaConvLow,DE24,,onshore_b
1.6152367728883974,capaConvLow,DE25,,onshore_b
0.0,capaConvLow,DE26,,onshore_b
6.716064297946269,capaConvLow,DE27,,onshore_b
0.028055894976267107,capaConvLow,DE30,,onshore_b
11.026577179986532,capaConvLow,DE40,,onshore_b
0.162409,capaConvLow,DE50,,onshore_b
0.03913183398041615,capaConvLow,DE60,,onshore_b
1.057342333967898,capaConvLow,DE71,,onshore_b
0.784705065973159,capaConvLow,DE72,,onshore_b
1.0266133389799637,capaConvLow,DE73,,onshore_b
3.618541127983842,capaConvLow,DE80,,onshore_b
0.7840464739173069,capaConvLow,DE91,,onshore_b
4.828332869973417,capaConvLow,DE92,,onshore_b
3.6277285119830696,capaConvLow,DE93,,onshore_b
5.7894058659869065,capaConvLow,DE94,,onshore_b
2.0364504919888238,capaConvLow,DEA1,,onshore_b
1.2284531279658633,capaConvLow,DEA2,,onshore_b
0.40617900297907006,capaConvLow,DEA3,,onshore_b
3.8929946979770653,capaConvLow,DEA4,,onshore_b
1.8400799219832893,capaConvLow,DEA5,,onshore_b
1.8042139139096631,capaConvLow,DEB1,,onshore_b
1.8364221339822442,capaConvLow,DEB2,,onshore_b
1.6228806917456342,capaConvLow,DEB3,,onshore_b
0.4569113239323983,capaConvLow,DEC0_,,onshore_b
1.1333594339623476,capaConvLow,DED2,,onshore_b
1.0757962469535187,capaConvLow,DED4,,onshore_b
1.6609487429797583,capaConvLow,DED5,,onshore_b
12.613080139968652,capaConvLow,DEE0,,onshore_b
3.071038999989527,capaConvLow,DEF0,,onshore_b
3.2346858516685346,capaConvLow,DEG0,,onshore_b
0.9962319579160618,capaConvLow,DE11,,openspace_b
1.043852149922787,capaConvLow,DE12,,openspace_b
1.889236896938335,capaConvLow,DE13,,openspace_b
0.7059861309700292,capaConvLow,DE14,,openspace_b
3.1294253189706427,capaConvLow,DE21,,openspace_b
3.3621642279460193,capaConvLow,DE22,,openspace_b
0.9263734029042566,capaConvLow,DE23,,openspace_b
0.3969166146461039,capaConvLow,DE24,,openspace_b
0.44203807890774094,capaConvLow,DE25,,openspace_b
1.8595363748958458,capaConvLow,DE26,,openspace_b
0.0022152798815867707,capaConvLow,DE27,,openspace_b
0.0021437078827333932,capaConvLow,DE30,,openspace_b
2.285431331880896,capaConvLow,DE40,,openspace_b
0.00031535658040399356,capaConvLow,DE50,,openspace_b
0.043502896647693225,capaConvLow,DE60,,openspace_b
0.415989754523823,capaConvLow,DE71,,openspace_b
0.6861129524913339,capaConvLow,DE72,,openspace_b
1.178874625500644,capaConvLow,DE73,,openspace_b
3.7682298568607187,capaConvLow,DE80,,openspace_b
0.3643800403212687,capaConvLow,DE91,,openspace_b
0.3248966551582835,capaConvLow,DE92,,openspace_b
0.9406256046999477,capaConvLow,DE93,,openspace_b
0.8777049478312116,capaConvLow,DE94,,openspace_b
0.2236916077561267,capaConvLow,DEA1,,openspace_b
0.5063893127395291,capaConvLow,DEA2,,openspace_b
2.09037647382905,capaConvLow,DEA3,,openspace_b
0.3472503692164088,capaConvLow,DEA4,,openspace_b
0.5727190364986509,capaConvLow,DEA5,,openspace_b
0.5934160343383473,capaConvLow,DEB1,,openspace_b
0.6530417936518165,capaConvLow,DEB2,,openspace_b
1.1129538549168494,capaConvLow,DEB3,,openspace_b
0.21794080987748457,capaConvLow,DEC0_,,openspace_b
1.440136343909691,capaConvLow,DED2,,openspace_b
0.5017402408900616,capaConvLow,DED4,,openspace_b
0.19460069690221926,capaConvLow,DED5,,openspace_b
2.8333167728098174,capaConvLow,DEE0,,openspace_b
2.00127477087064,capaConvLow,DEF0,,openspace_b
1.9137781758146768,capaConvLow,DEG0,,openspace_b
1.448656981,capaConvLow,DE11,,rooftop_b
0.25903250064769967,capaConvLow,DE12,,rooftop_b
0.6708219751750127,capaConvLow,DE13,,rooftop_b
0.5765233775071656,capaConvLow,DE14,,rooftop_b
0.06530566648031409,capaConvLow,DE21,,rooftop_b
0.8690842299999999,capaConvLow,DE22,,rooftop_b
0.9749341334626851,capaConvLow,DE23,,rooftop_b
1.006642040397935,capaConvLow,DE24,,rooftop_b
0.5732526577622079,capaConvLow,DE25,,rooftop_b
0.895732200656196,capaConvLow,DE26,,rooftop_b
1.544439347,capaConvLow,DE27,,rooftop_b
2.8884098449278457,capaConvLow,DE30,,rooftop_b
3.3146405583290193,capaConvLow,DE40,,rooftop_b
0.19184783539067565,capaConvLow,DE50,,rooftop_b
0.24774436110577344,capaConvLow,DE60,,rooftop_b
1.258151798053129,capaConvLow,DE71,,rooftop_b
1.031664809354243,capaConvLow,DE72,,rooftop_b
0.671345830125414,capaConvLow,DE73,,rooftop_b
1.8507260104634173,capaConvLow,DE80,,rooftop_b
1.4616042919437096,capaConvLow,DE91,,rooftop_b
0.7491804268588348,capaConvLow,DE92,,rooftop_b
0.4648048399285734,capaConvLow,DE93,,rooftop_b
0.4693129215943925,capaConvLow,DE94,,rooftop_b
0.009510305529108256,capaConvLow,DEA1,,rooftop_b
2.011713509678984,capaConvLow,DEA2,,rooftop_b
0.75069151,capaConvLow,DEA3,,rooftop_b
1.9372098493792504,capaConvLow,DEA4,,rooftop_b
3.2854791773692216,capaConvLow,DEA5,,rooftop_b
0.4397508496866197,capaConvLow,DEB1,,rooftop_b
0.682198643111328,capaConvLow,DEB2,,rooftop_b
1.1856399238215554,capaConvLow,DEB3,,rooftop_b
0.5006181412614871,capaConvLow,DEC0_,,rooftop_b
2.100775270144635,capaConvLow,DED2,,rooftop_b
1.6340842058445575,capaConvLow,DED4,,rooftop_b
0.7695740903493876,capaConvLow,DED5,,rooftop_b
2.7759487509221663,capaConvLow,DEE0,,rooftop_b
0.533726106887925,capaConvLow,DEF0,,rooftop_b
0.9966412445940839,capaConvLow,DEG0,,rooftop_b
3.469392381320249,capaConvLow,DE11,,rooftop_a
1.7340244303445034,capaConvLow,DE12,,rooftop_a
2.693303118644866,capaConvLow,DE13,,rooftop_a
1.21144334,capaConvLow,DE14,,rooftop_a
5.11322127610573,capaConvLow,DE21,,rooftop_a
1.4007253648453697,capaConvLow,DE22,,rooftop_a
0.696411084,capaConvLow,DE23,,rooftop_a
1.2401572977390223,capaConvLow,DE24,,rooftop_a
1.268093699,capaConvLow,DE25,,rooftop_a
1.215547745,capaConvLow,DE26,,rooftop_a
0.687592198,capaConvLow,DE27,,rooftop_a
0.21137117722312054,capaConvLow,DE30,,rooftop_a
4.284672702163701,capaConvLow,DE40,,rooftop_a
0.7102537896628022,capaConvLow,DE50,,rooftop_a
1.9135124417893576,capaConvLow,DE60,,rooftop_a
1.0061845610746065,capaConvLow,DE71,,rooftop_a
0.47026187999999997,capaConvLow,DE72,,rooftop_a
0.671345843,capaConvLow,DE73,,rooftop_a
1.189736025,capaConvLow,DE80,,rooftop_a
0.45995315000000003,capaConvLow,DE91,,rooftop_a
2.143556377215125,capaConvLow,DE92,,rooftop_a
1.8064001436480748,capaConvLow,DE93,,rooftop_a
2.654043550905872,capaConvLow,DE94,,rooftop_a
2.896881990103829,capaConvLow,DEA1,,rooftop_a
3.065944632554849,capaConvLow,DEA2,,rooftop_a
2.883869073302938,capaConvLow,DEA3,,rooftop_a
0.8033441659999999,capaConvLow,DEA4,,rooftop_a
1.4075109972051363,capaConvLow,DEA5,,rooftop_a
1.9126969712924915,capaConvLow,DEB1,,rooftop_a
0.39205453222138154,capaConvLow,DEB2,,rooftop_a
1.621973001519981,capaConvLow,DEB3,,rooftop_a
1.446213086560586,capaConvLow,DEC0_,,rooftop_a
0.77957928,capaConvLow,DED2,,rooftop_a
2.2942141377109175,capaConvLow,DED4,,rooftop_a
1.3847974969378434,capaConvLow,DED5,,rooftop_a
1.1577896207386882,capaConvLow,DEE0,,rooftop_a
1.9223642625641486,capaConvLow,DEF0,,rooftop_a
2.4154517178348613,capaConvLow,DEG0,,rooftop_a
0.22218702711610083,capaConvLow,DE11,fermenter,
0.10288600673812437,capaConvLow,DE12,fermenter,
0.11345811965493463,capaConvLow,DE13,fermenter,
0.11275310828544405,capaConvLow,DE14,fermenter,
0.24758154728976525,capaConvLow,DE21,fermenter,
0.2228928922720914,capaConvLow,DE22,fermenter,
0.1570025590098382,capaConvLow,DE23,fermenter,
0.13995241383443932,capaConvLow,DE24,fermenter,
0.13818926348672195,capaConvLow,DE25,fermenter,
0.14445141691860325,capaConvLow,DE26,fermenter,
0.24817409115746078,capaConvLow,DE27,fermenter,
0.031927343272285365,capaConvLow,DE30,fermenter,
0.7258059756738247,capaConvLow,DE40,fermenter,
0.021091021194944916,capaConvLow,DE50,fermenter,
0.02658753428766671,capaConvLow,DE60,fermenter,
0.13369249078028878,capaConvLow,DE71,fermenter,
0.08926017347375742,capaConvLow,DE72,fermenter,
0.16439404612364586,capaConvLow,DE73,fermenter,
1.1254712180563406,capaConvLow,DE80,fermenter,
0.12825433449976248,capaConvLow,DE91,fermenter,
0.44832408581309274,capaConvLow,DE92,fermenter,
0.4593283332804792,capaConvLow,DE93,fermenter,
0.8386600300989324,capaConvLow,DE94,fermenter,
0.1590835921761164,capaConvLow,DEA1,fermenter,
0.21149345503875605,capaConvLow,DEA2,fermenter,
0.2615102721204979,capaConvLow,DEA3,fermenter,
0.2371923425178166,capaConvLow,DEA4,fermenter,
0.14000892263857959,capaConvLow,DEA5,fermenter,
0.15632086317756033,capaConvLow,DEB1,fermenter,
0.10408010645040781,capaConvLow,DEB2,fermenter,
0.14118971887833331,capaConvLow,DEB3,fermenter,
0.06159859170823374,capaConvLow,DEC0_,fermenter,
0.21482720578279021,capaConvLow,DED2,fermenter,
0.1564419193975155,capaConvLow,DED4,fermenter,
0.09651977636392609,capaConvLow,DED5,fermenter,
0.7184447893480597,capaConvLow,DEE0,fermenter,
1.6268458335352394,capaConvLow,DEF0,fermenter,
0.2526645014399285,capaConvLow,DEG0,fermenter,
1.8137460816003883,capaConvLow,DE11,electrolysis,
0.8398739296118948,capaConvLow,DE12,electrolysis,
0.9261756756048405,capaConvLow,DE13,electrolysis,
0.9204205618815308,capaConvLow,DE14,electrolysis,
2.021045364807586,capaConvLow,DE21,electrolysis,
1.8195081649111622,capaConvLow,DE22,electrolysis,
1.2816354757585773,capaConvLow,DE23,electrolysis,
1.142452579241229,capaConvLow,DE24,electrolysis,
1.1280597180739849,capaConvLow,DE25,electrolysis,
1.1791786173044077,capaConvLow,DE26,electrolysis,
2.025882389417702,capaConvLow,DE27,electrolysis,
0.26062769959003507,capaConvLow,DE30,electrolysis,
5.924863217566095,capaConvLow,DE40,electrolysis,
0.17216917452742686,capaConvLow,DE50,electrolysis,
0.21703803664681634,capaConvLow,DE60,electrolysis,
1.0913518869192933,capaConvLow,DE71,electrolysis,
0.7286442056601363,capaConvLow,DE72,electrolysis,
1.3419732954948445,capaConvLow,DE73,electrolysis,
9.187390633014052,capaConvLow,DE80,electrolysis,
1.0469594002248244,capaConvLow,DE91,electrolysis,
3.6597368644105166,capaConvLow,DE92,electrolysis,
3.749566189659573,capaConvLow,DE93,electrolysis,
6.846107817950882,capaConvLow,DE94,electrolysis,
1.2986232621294047,capaConvLow,DEA1,electrolysis,
1.726452846233138,capaConvLow,DEA2,electrolysis,
2.1347476381191166,capaConvLow,DEA3,electrolysis,
1.936236725479514,capaConvLow,DEA4,electrolysis,
1.142913869098768,capaConvLow,DEA5,electrolysis,
1.276070690268238,capaConvLow,DEB1,electrolysis,
0.8496215449533726,capaConvLow,DEB2,electrolysis,
1.152552886195399,capaConvLow,DEB3,electrolysis,
0.5028385580969638,capaConvLow,DEC0_,electrolysis,
1.7536667543874822,capaConvLow,DED2,electrolysis,
1.2770588903780595,capaConvLow,DED4,electrolysis,
0.7879054346658153,capaConvLow,DED5,electrolysis,
5.86477274771472,capaConvLow,DEE0,electrolysis,
13.280186940890196,capaConvLow,DEF0,electrolysis,
2.0625382831497343,capaConvLow,DEG0,electrolysis,
0.00018287289990382577,capaStOutLow,DE11,,home
0.0,capaStOutLow,DE12,,home
0.0,capaStOutLow,DE13,,home
0.0,capaStOutLow,DE14,,home
0.00020377407314558114,capaStOutLow,DE21,,home
0.00018345386815247879,capaStOutLow,DE22,,home
0.0001292222756256954,capaStOutLow,DE23,,home
0.00011518901035149402,capaStOutLow,DE24,,home
0.00011373783464047904,capaStOutLow,DE25,,home
0.00011889195264905401,capaStOutLow,DE26,,home
0.00020426177135556296,capaStOutLow,DE27,,home
0.0,capaStOutLow,DE30,,home
0.000597380707873829,capaStOutLow,DE40,,home
0.0,capaStOutLow,DE50,,home
0.0,capaStOutLow,DE60,,home
0.00011003672807405423,capaStOutLow,DE71,,home
0.0,capaStOutLow,DE72,,home
0.00013530590121197886,capaStOutLow,DE73,,home
0.0009263285443605425,capaStOutLow,DE80,,home
0.00010556080784568558,capaStOutLow,DE91,,home
0.0003689969064959452,capaStOutLow,DE92,,home
0.0003780540448524918,capaStOutLow,DE93,,home
0.0006902661857817699,capaStOutLow,DE94,,home
0.00013093508746197998,capaStOutLow,DEA1,,home
0.00017407146553793563,capaStOutLow,DEA2,,home
0.00021523822717302353,capaStOutLow,DEA3,,home
0.0001952231508482674,capaStOutLow,DEA4,,home
0.0001152355203976356,capaStOutLow,DEA5,,home
0.00012866120014204052,capaStOutLow,DEB1,,home
0.0,capaStOutLow,DEB2,,home
0.00011620738466604971,capaStOutLow,DEB3,,home
0.0,capaStOutLow,DEC0_,,home
0.00017681533710429623,capaStOutLow,DED2,,home
0.0001287608364812181,capaStOutLow,DED4,,home
0.0,capaStOutLow,DED5,,home
0.0005913220216057886,capaStOutLow,DEE0,,home
0.0013389891351288845,capaStOutLow,DEF0,,home
0.0002079576412754739,capaStOutLow,DEG0,,home
0.0,capaStSizeLow,DE11,,home
0.0,capaStSizeLow,DE12,,home
0.0,capaStSizeLow,DE13,,home
0.0,capaStSizeLow,DE14,,home
0.0,capaStSizeLow,DE21,,home
0.0,capaStSizeLow,DE22,,home
0.0,capaStSizeLow,DE23,,home
0.0,capaStSizeLow,DE24,,home
0.0,capaStSizeLow,DE25,,home
0.0,capaStSizeLow,DE26,,home
0.0,capaStSizeLow,DE27,,home
0.0,capaStSizeLow,DE30,,home
0.0,capaStSizeLow,DE40,,home
0.0,capaStSizeLow,DE50,,home
0.0,capaStSizeLow,DE60,,home
0.0,capaStSizeLow,DE71,,home
0.0,capaStSizeLow,DE72,,home
0.0,capaStSizeLow,DE73,,home
0.0,capaStSizeLow,DE80,,home
0.0,capaStSizeLow,DE91,,home
0.0,capaStSizeLow,DE92,,home
0.0,capaStSizeLow,DE93,,home
0.0,capaStSizeLow,DE94,,home
0.0,capaStSizeLow,DEA1,,home
0.0,capaStSizeLow,DEA2,,home
0.0,capaStSizeLow,DEA3,,home
0.0,capaStSizeLow,DEA4,,home
0.0,capaStSizeLow,DEA5,,home
0.0,capaStSizeLow,DEB1,,home
0.0,capaStSizeLow,DEB2,,home
0.0,capaStSizeLow,DEB3,,home
0.0,capaStSizeLow,DEC0_,,home
0.0,capaStSizeLow,DED2,,home
0.0,capaStSizeLow,DED4,,home
0.0,capaStSizeLow,DED5,,home
0.0,capaStSizeLow,DEE0,,home
0.0,capaStSizeLow,DEF0,,home
0.0,capaStSizeLow,DEG0,,home
0.0,capaStInLow,DE11,,home
0.0,capaStInLow,DE12,,home
0.0,capaStInLow,DE13,,home
0.0,capaStInLow,DE14,,home
0.0,capaStInLow,DE21,,home
0.0,capaStInLow,DE22,,home
0.0,capaStInLow,DE23,,home
0.0,capaStInLow,DE24,,home
0.0,capaStInLow,DE25,,home
0.0,capaStInLow,DE26,,home
0.0,capaStInLow,DE27,,home
0.0,capaStInLow,DE30,,home
0.0,capaStInLow,DE40,,home
0.0,capaStInLow,DE50,,home
0.0,capaStInLow,DE60,,home
0.0,capaStInLow,DE71,,home
0.0,capaStInLow,DE72,,home
0.0,capaStInLow,DE73,,home
0.0,capaStInLow,DE80,,home
0.0,capaStInLow,DE91,,home
0.0,capaStInLow,DE92,,home
0.0,capaStInLow,DE93,,home
0.0,capaStInLow,DE94,,home
0.0,capaStInLow,DEA1,,home
0.0,capaStInLow,DEA2,,home
0.0,capaStInLow,DEA3,,home
0.0,capaStInLow,DEA4,,home
0.0,capaStInLow,DEA5,,home
0.0,capaStInLow,DEB1,,home
0.0,capaStInLow,DEB2,,home
0.0,capaStInLow,DEB3,,home
0.0,capaStInLow,DEC0_,,home
0.0,capaStInLow,DED2,,home
0.0,capaStInLow,DED4,,home
0.0,capaStInLow,DED5,,home
0.0,capaStInLow,DEE0,,home
0.0,capaStInLow,DEF0,,home
0.0,capaStInLow,DEG0,,home
0.0008873500115709627,capaConvLow,DE11,methanation,
0.0004108966236892821,capaConvLow,DE12,methanation,
0.00045311855104852037,capaConvLow,DE13,methanation,
0.0004503029418070851,capaConvLow,DE14,methanation,
0.000988768298958936,capaConvLow,DE21,methanation,
0.0008901690305860038,capaConvLow,DE22,methanation,
0.0006270223080182484,capaConvLow,DE23,methanation,
0.0005589290142060443,capaConvLow,DE24,methanation,
0.0005518875073199073,capaConvLow,DE25,methanation,
0.0005768967168690112,capaConvLow,DE26,methanation,
0.0009911347458873663,capaConvLow,DE27,methanation,
0.00012750847243340032,capaConvLow,DE30,methanation,
0.002898656817510348,capaConvLow,DE40,methanation,
0.0,capaConvLow,DE50,methanation,
0.00010618283688307556,capaConvLow,DE60,methanation,
0.0005339287121333619,capaConvLow,DE71,methanation,
0.00035647903026929324,capaConvLow,DE72,methanation,
0.0006565417460389776,capaConvLow,DE73,methanation,
0.004494802920438865,capaConvLow,DE80,methanation,
0.0005122103062431377,capaConvLow,DE91,methanation,
0.0017904752941579863,capaConvLow,DE92,methanation,
0.0018344230405419942,capaConvLow,DE93,methanation,
0.0033493629086793074,capaConvLow,DE94,methanation,
0.0006353333459224173,capaConvLow,DEA1,methanation,
0.000844643011843168,capaConvLow,DEA2,methanation,
0.0010443955527196203,capaConvLow,DEA3,methanation,
0.0009472768532419702,capaConvLow,DEA4,methanation,
0.0005591546938447639,capaConvLow,DEA5,methanation,
0.0006242998142142174,capaConvLow,DEB1,methanation,
0.0004156655087464548,capaConvLow,DEB2,methanation,
0.0005638704487230219,capaConvLow,DEB3,methanation,
0.00024600676184615686,capaConvLow,DEC0_,methanation,
0.0008579570374174318,capaConvLow,DED2,methanation,
0.0006247832773559328,capaConvLow,DED4,methanation,
0.00038547176126805524,capaConvLow,DED5,methanation,
0.0028692583919761225,capaConvLow,DEE0,methanation,
0.006497146516377588,capaConvLow,DEF0,methanation,
0.0010090681314131739,capaConvLow,DEG0,methanation,
0.8086681241397665,capaConvLow,DE11,ocgtHydrogen,
0.3744621598707248,capaConvLow,DE12,ocgtHydrogen,
0.4129402421944215,capaConvLow,DE13,ocgtHydrogen,
0.41037429480737964,capaConvLow,DE14,ocgtHydrogen,
0.901093587762969,capaConvLow,DE21,ocgtHydrogen,
0.8112371789536295,capaConvLow,DE22,ocgtHydrogen,
0.5714238429108918,capaConvLow,DE23,ocgtHydrogen,
0.5093684245803886,capaConvLow,DE24,ocgtHydrogen,
0.5029512925688064,capaConvLow,DE25,ocgtHydrogen,
0.5257429196703687,capaConvLow,DE26,ocgtHydrogen,
0.9032502003437272,capaConvLow,DE27,ocgtHydrogen,
0.11620221543931197,capaConvLow,DE30,ocgtHydrogen,
2.6416310819573154,capaConvLow,DE40,ocgtHydrogen,
0.07676252194956446,capaConvLow,DE50,ocgtHydrogen,
0.09676753749747222,capaConvLow,DE60,ocgtHydrogen,
0.486584915123673,capaConvLow,DE71,ocgtHydrogen,
0.3248698089186634,capaConvLow,DE72,ocgtHydrogen,
0.5983257736694448,capaConvLow,DE73,ocgtHydrogen,
4.096245899196183,capaConvLow,DE80,ocgtHydrogen,
0.4667922940366905,capaConvLow,DE91,ocgtHydrogen,
1.631712716025073,capaConvLow,DE92,ocgtHydrogen,
1.671763587907756,capaConvLow,DE93,ocgtHydrogen,
3.0523727786173622,capaConvLow,DE94,ocgtHydrogen,
0.5789979358212195,capaConvLow,DEA1,ocgtHydrogen,
0.7697479811216005,capaConvLow,DEA2,ocgtHydrogen,
0.9517883377073113,capaConvLow,DEA3,ocgtHydrogen,
0.8632812148117543,capaConvLow,DEA4,ocgtHydrogen,
0.5095740930626336,capaConvLow,DEA5,ocgtHydrogen,
0.5689427543564552,capaConvLow,DEB1,ocgtHydrogen,
0.37880818487003093,capaConvLow,DEB2,ocgtHydrogen,
0.5138716989696336,capaConvLow,DEB3,ocgtHydrogen,
0.22419318649202566,capaConvLow,DEC0_,ocgtHydrogen,
0.7818814436172256,capaConvLow,DED2,ocgtHydrogen,
0.5693833485152467,capaConvLow,DED4,ocgtHydrogen,
0.35129173610041875,capaConvLow,DED5,ocgtHydrogen,
2.614839433431458,capaConvLow,DEE0,ocgtHydrogen,
5.921040420519688,capaConvLow,DEF0,ocgtHydrogen,
0.919593421218831,capaConvLow,DEG0,ocgtHydrogen,
0.0,capaConvLow,DE11,gasPlant,
0.0,capaConvLow,DE12,gasPlant,
0.0,capaConvLow,DE13,gasPlant,
0.0,capaConvLow,DE14,gasPlant,
0.0,capaConvLow,DE21,gasPlant,
0.0,capaConvLow,DE22,gasPlant,
0.0,capaConvLow,DE23,gasPlant,
0.0,capaConvLow,DE24,gasPlant,
0.0,capaConvLow,DE25,gasPlant,
0.0,capaConvLow,DE26,gasPlant,
0.0,capaConvLow,DE27,gasPlant,
0.0,capaConvLow,DE30,gasPlant,
0.0,capaConvLow,DE40,gasPlant,
0.0,capaConvLow,DE50,gasPlant,
0.0,capaConvLow,DE60,gasPlant,
0.0,capaConvLow,DE71,gasPlant,
0.0,capaConvLow,DE72,gasPlant,
0.0,capaConvLow,DE73,gasPlant,
0.0,capaConvLow,DE80,gasPlant,
0.0,capaConvLow,DE91,gasPlant,
0.0,capaConvLow,DE92,gasPlant,
0.0,capaConvLow,DE93,gasPlant,
0.0,capaConvLow,DE94,gasPlant,
0.0,capaConvLow,DEA1,gasPlant,
0.0,capaConvLow,DEA2,gasPlant,
0.0,capaConvLow,DEA3,gasPlant,
0.0,capaConvLow,DEA4,gasPlant,
0.0,capaConvLow,DEA5,gasPlant,
0.0,capaConvLow,DEB1,gasPlant,
0.0,capaConvLow,DEB2,gasPlant,
0.0,capaConvLow,DEB3,gasPlant,
0.0,capaConvLow,DEC0_,gasPlant,
0.0,capaConvLow,DED2,gasPlant,
0.0,capaConvLow,DED4,gasPlant,
0.0,capaConvLow,DED5,gasPlant,
0.0,capaConvLow,DEE0,gasPlant,
0.0,capaConvLow,DEF0,gasPlant,
0.0,capaConvLow,DEG0,gasPlant,
0.0,capaConvLow,DE11,biomassPlant,
0.0,capaConvLow,DE12,biomassPlant,
0.0,capaConvLow,DE13,biomassPlant,
0.0,capaConvLow,DE14,biomassPlant,
0.0,capaConvLow,DE21,biomassPlant,
0.0,capaConvLow,DE22,biomassPlant,
0.0,capaConvLow,DE23,biomassPlant,
0.0,capaConvLow,DE24,biomassPlant,
0.0,capaConvLow,DE25,biomassPlant,
0.0,capaConvLow,DE26,biomassPlant,
0.0,capaConvLow,DE27,biomassPlant,
0.0,capaConvLow,DE30,biomassPlant,
0.0,capaConvLow,DE40,biomassPlant,
0.0,capaConvLow,DE50,biomassPlant,
0.0,capaConvLow,DE60,biomassPlant,
0.0,capaConvLow,DE71,biomassPlant,
0.0,capaConvLow,DE72,biomassPlant,
0.0,capaConvLow,DE73,biomassPlant,
0.0,capaConvLow,DE80,biomassPlant,
0.0,capaConvLow,DE91,biomassPlant,
0.0,capaConvLow,DE92,biomassPlant,
0.0,capaConvLow,DE93,biomassPlant,
0.0,capaConvLow,DE94,biomassPlant,
0.0,capaConvLow,DEA1,biomassPlant,
0.0,capaConvLow,DEA2,biomassPlant,
0.0,capaConvLow,DEA3,biomassPlant,
0.0,capaConvLow,DEA4,biomassPlant,
0.0,capaConvLow,DEA5,biomassPlant,
0.0,capaConvLow,DEB1,biomassPlant,
0.0,capaConvLow,DEB2,biomassPlant,
0.0,capaConvLow,DEB3,biomassPlant,
0.0,capaConvLow,DEC0_,biomassPlant,
0.0,capaConvLow,DED2,biomassPlant,
0.0,capaConvLow,DED4,biomassPlant,
0.0,capaConvLow,DED5,biomassPlant,
0.0,capaConvLow,DEE0,biomassPlant,
0.0,capaConvLow,DEF0,biomassPlant,
0.0,capaConvLow,DEG0,biomassPlant,
0.0,capaStOutLow,DE11,,grid
0.0,capaStOutLow,DE12,,grid
0.0,capaStOutLow,DE13,,grid
0.0,capaStOutLow,DE14,,grid
0.0,capaStOutLow,DE21,,grid
0.0,capaStOutLow,DE22,,grid
0.0,capaStOutLow,DE23,,grid
0.0,capaStOutLow,DE24,,grid
0.0,capaStOutLow,DE25,,grid
0.0,capaStOutLow,DE26,,grid
0.0,capaStOutLow,DE27,,grid
0.0,capaStOutLow,DE30,,grid
0.0,capaStOutLow,DE40,,grid
0.0,capaStOutLow,DE50,,grid
0.0,capaStOutLow,DE60,,grid
0.0,capaStOutLow,DE71,,grid
0.0,capaStOutLow,DE72,,grid
0.0,capaStOutLow,DE73,,grid
0.0,capaStOutLow,DE80,,grid
0.0,capaStOutLow,DE91,,grid
0.0,capaStOutLow,DE92,,grid
0.0,capaStOutLow,DE93,,grid
0.0,capaStOutLow,DE94,,grid
0.0,capaStOutLow,DEA1,,grid
0.0,capaStOutLow,DEA2,,grid
0.0,capaStOutLow,DEA3,,grid
0.0,capaStOutLow,DEA4,,grid
0.0,capaStOutLow,DEA5,,grid
0.0,capaStOutLow,DEB1,,grid
0.0,capaStOutLow,DEB2,,grid
0.0,capaStOutLow,DEB3,,grid
0.0,capaStOutLow,DEC0_,,grid
0.0,capaStOutLow,DED2,,grid
0.0,capaStOutLow,DED4,,grid
0.0,capaStOutLow,DED5,,grid
0.0,capaStOutLow,DEE0,,grid
0.0,capaStOutLow,DEF0,,grid
0.0,capaStOutLow,DEG0,,grid
0.0,capaStSizeLow,DE11,,grid
0.0,capaStSizeLow,DE12,,grid
0.0,capaStSizeLow,DE13,,grid
0.0,capaStSizeLow,DE14,,grid
0.0,capaStSizeLow,DE21,,grid
0.0,capaStSizeLow,DE22,,grid
0.0,capaStSizeLow,DE23,,grid
0.0,capaStSizeLow,DE24,,grid
0.0,capaStSizeLow,DE25,,grid
0.0,capaStSizeLow,DE26,,grid
0.0,capaStSizeLow,DE27,,grid
0.0,capaStSizeLow,DE30,,grid
0.0,capaStSizeLow,DE40,,grid
0.0,capaStSizeLow,DE50,,grid
0.0,capaStSizeLow,DE60,,grid
0.0,capaStSizeLow,DE71,,grid
0.0,capaStSizeLow,DE72,,grid
0.0,capaStSizeLow,DE73,,grid
0.0,capaStSizeLow,DE80,,grid
0.0,capaStSizeLow,DE91,,grid
0.0,capaStSizeLow,DE92,,grid
0.0,capaStSizeLow,DE93,,grid
0.0,capaStSizeLow,DE94,,grid
0.0,capaStSizeLow,DEA1,,grid
0.0,capaStSizeLow,DEA2,,grid
0.0,capaStSizeLow,DEA3,,grid
0.0,capaStSizeLow,DEA4,,grid
0.0,capaStSizeLow,DEA5,,grid
0.0,capaStSizeLow,DEB1,,grid
0.0,capaStSizeLow,DEB2,,grid
0.0,capaStSizeLow,DEB3,,grid
0.0,capaStSizeLow,DEC0_,,grid
0.0,capaStSizeLow,DED2,,grid
0.0,capaStSizeLow,DED4,,grid
0.0,capaStSizeLow,DED5,,grid
0.0,capaStSizeLow,DEE0,,grid
0.0,capaStSizeLow,DEF0,,grid
0.0,capaStSizeLow,DEG0,,grid
0.0,capaStInLow,DE11,,grid
0.0,capaStInLow,DE12,,grid
0.0,capaStInLow,DE13,,grid
0.0,capaStInLow,DE14,,grid
0.0,capaStInLow,DE21,,grid
0.0,capaStInLow,DE22,,grid
0.0,capaStInLow,DE23,,grid
0.0,capaStInLow,DE24,,grid
0.0,capaStInLow,DE25,,grid
0.0,capaStInLow,DE26,,grid
0.0,capaStInLow,DE27,,grid
0.0,capaStInLow,DE30,,grid
0.0,capaStInLow,DE40,,grid
0.0,capaStInLow,DE50,,grid
0.0,capaStInLow,DE60,,grid
0.0,capaStInLow,DE71,,grid
0.0,capaStInLow,DE72,,grid
0.0,capaStInLow,DE73,,grid
0.0,capaStInLow,DE80,,grid
0.0,capaStInLow,DE91,,grid
0.0,capaStInLow,DE92,,grid
0.0,capaStInLow,DE93,,grid
0.0,capaStInLow,DE94,,grid
0.0,capaStInLow,DEA1,,grid
0.0,capaStInLow,DEA2,,grid
0.0,capaStInLow,DEA3,,grid
0.0,capaStInLow,DEA4,,grid
0.0,capaStInLow,DEA5,,grid
0.0,capaStInLow,DEB1,,grid
0.0,capaStInLow,DEB2,,grid
0.0,capaStInLow,DEB3,,grid
0.0,capaStInLow,DEC0_,,grid
0.0,capaStInLow,DED2,,grid
0.0,capaStInLow,DED4,,grid
0.0,capaStInLow,DED5,,grid
0.0,capaStInLow,DEE0,,grid
0.0,capaStInLow,DEF0,,grid
0.0,capaStInLow,DEG0,,grid
0.0,capaStOutLow,DE11,caes,
0.0,capaStOutLow,DE12,caes,
0.0,capaStOutLow,DE13,caes,
0.0,capaStOutLow,DE14,caes,
0.0,capaStOutLow,DE21,caes,
0.0,capaStOutLow,DE22,caes,
0.0,capaStOutLow,DE23,caes,
0.0,capaStOutLow,DE24,caes,
0.0,capaStOutLow,DE25,caes,
0.0,capaStOutLow,DE26,caes,
0.0,capaStOutLow,DE27,caes,
0.0,capaStOutLow,DE30,caes,
0.0,capaStOutLow,DE40,caes,
0.0,capaStOutLow,DE50,caes,
0.0,capaStOutLow,DE60,caes,
0.0,capaStOutLow,DE71,caes,
0.0,capaStOutLow,DE72,caes,
0.0,capaStOutLow,DE73,caes,
0.0,capaStOutLow,DE80,caes,
0.0,capaStOutLow,DE91,caes,
0.0,capaStOutLow,DE92,caes,
0.0,capaStOutLow,DE93,caes,
0.0,capaStOutLow,DE94,caes,
0.0,capaStOutLow,DEA1,caes,
0.0,capaStOutLow,DEA2,caes,
0.0,capaStOutLow,DEA3,caes,
0.0,capaStOutLow,DEA4,caes,
0.0,capaStOutLow,DEA5,caes,
0.0,capaStOutLow,DEB1,caes,
0.0,capaStOutLow,DEB2,caes,
0.0,capaStOutLow,DEB3,caes,
0.0,capaStOutLow,DEC0_,caes,
0.0,capaStOutLow,DED2,caes,
0.0,capaStOutLow,DED4,caes,
0.0,capaStOutLow,DED5,caes,
0.0,capaStOutLow,DEE0,caes,
0.0,capaStOutLow,DEF0,caes,
0.0,capaStOutLow,DEG0,caes,
0.0,capaStSizeLow,DE11,caes,
0.0,capaStSizeLow,DE12,caes,
0.0,capaStSizeLow,DE13,caes,
0.0,capaStSizeLow,DE14,caes,
0.0,capaStSizeLow,DE21,caes,
0.0,capaStSizeLow,DE22,caes,
0.0,capaStSizeLow,DE23,caes,
0.0,capaStSizeLow,DE24,caes,
0.0,capaStSizeLow,DE25,caes,
0.0,capaStSizeLow,DE26,caes,
0.0,capaStSizeLow,DE27,caes,
0.0,capaStSizeLow,DE30,caes,
0.0,capaStSizeLow,DE40,caes,
0.0,capaStSizeLow,DE50,caes,
0.0,capaStSizeLow,DE60,caes,
0.0,capaStSizeLow,DE71,caes,
0.0,capaStSizeLow,DE72,caes,
0.0,capaStSizeLow,DE73,caes,
0.0,capaStSizeLow,DE80,caes,
0.0,capaStSizeLow,DE91,caes,
0.0,capaStSizeLow,DE92,caes,
0.0,capaStSizeLow,DE93,caes,
0.0,capaStSizeLow,DE94,caes,
0.0,capaStSizeLow,DEA1,caes,
0.0,capaStSizeLow,DEA2,caes,
0.0,capaStSizeLow,DEA3,caes,
0.0,capaStSizeLow,DEA4,caes,
0.0,capaStSizeLow,DEA5,caes,
0.0,capaStSizeLow,DEB1,caes,
0.0,capaStSizeLow,DEB2,caes,
0.0,capaStSizeLow,DEB3,caes,
0.0,capaStSizeLow,DEC0_,caes,
0.0,capaStSizeLow,DED2,caes,
0.0,capaStSizeLow,DED4,caes,
0.0,capaStSizeLow,DED5,caes,
0.0,capaStSizeLow,DEE0,caes,
0.0,capaStSizeLow,DEF0,caes,
0.0,capaStSizeLow,DEG0,caes,
0.0,capaStInLow,DE11,caes,
0.0,capaStInLow,DE12,caes,
0.0,capaStInLow,DE13,caes,
0.0,capaStInLow,DE14,caes,
0.0,capaStInLow,DE21,caes,
0.0,capaStInLow,DE22,caes,
0.0,capaStInLow,DE23,caes,
0.0,capaStInLow,DE24,caes,
0.0,capaStInLow,DE25,caes,
0.0,capaStInLow,DE26,caes,
0.0,capaStInLow,DE27,caes,
0.0,capaStInLow,DE30,caes,
0.0,capaStInLow,DE40,caes,
0.0,capaStInLow,DE50,caes,
0.0,capaStInLow,DE60,caes,
0.0,capaStInLow,DE71,caes,
0.0,capaStInLow,DE72,caes,
0.0,capaStInLow,DE73,caes,
0.0,capaStInLow,DE80,caes,
0.0,capaStInLow,DE91,caes,
0.0,capaStInLow,DE92,caes,
0.0,capaStInLow,DE93,caes,
0.0,capaStInLow,DE94,caes,
0.0,capaStInLow,DEA1,caes,
0.0,capaStInLow,DEA2,caes,
0.0,capaStInLow,DEA3,caes,
0.0,capaStInLow,DEA4,caes,
0.0,capaStInLow,DEA5,caes,
0.0,capaStInLow,DEB1,caes,
0.0,capaStInLow,DEB2,caes,
0.0,capaStInLow,DEB3,caes,
0.0,capaStInLow,DEC0_,caes,
0.0,capaStInLow,DED2,caes,
0.0,capaStInLow,DED4,caes,
0.0,capaStInLow,DED5,caes,
0.0,capaStInLow,DEE0,caes,
0.0,capaStInLow,DEF0,caes,
0.0,capaStInLow,DEG0,caes,
