timestep_superordinate_dispatch,region,technology,carrier,variable,value
2050,DE,gasStorage,none,costOprStSize,1359.7547503583467
2050,AT,gasStorage,none,costOprStSize,126.36541659853351
2050,BE,gasStorage,none,costOprStSize,44.758964202077316
2050,BG,gasStorage,none,costOprStSize,87.96352495531183
2050,CZ,gasStorage,none,costOprStSize,94.86104927523392
2050,DK,gasStorage,none,costOprStSize,51.45045742497465
2050,ES,gasStorage,none,costOprStSize,228.58120247378264
2050,FR,gasStorage,none,costOprStSize,682.2886589966603
2050,GR,gasStorage,none,costOprStSize,19.1963362052878
2050,HR,gasStorage,none,costOprStSize,31.898090156406973
2050,HU,gasStorage,none,costOprStSize,284.6774355842803
2050,IT,gasStorage,none,costOprStSize,863.1836985684657
2050,LV,gasStorage,none,costOprStSize,27.313531651698796
2050,NL,gasStorage,none,costOprStSize,634.1122029655576
2050,PL,gasStorage,none,costOprStSize,207.32754976944133
2050,PT,gasStorage,none,costOprStSize,17.75182498214172
2050,RO,gasStorage,none,costOprStSize,222.68481134693005
2050,SE,gasStorage,none,costOprStSize,0.48233246072783514
2050,SK,gasStorage,none,costOprStSize,86.44280254218063
2050,TR,gasStorage,none,costOprStSize,535.9547684197759
2050,UK,gasStorage,none,costOprStSize,300.2246324259049
2050,AT,caes,none,costExpStSize,2.9257085357879765e-6
2050,AT,battery < grid,none,costExpStSize,0.0034524769118529385
2050,BE,caes,none,costExpStSize,2.6983853377117363e-6
2050,BE,battery < grid,none,costExpStSize,456.5616073061803
2050,BG,caes,none,costExpStSize,2.759252283722018e-6
2050,BG,battery < grid,none,costExpStSize,420.4408490952081
2050,CH,caes,none,costExpStSize,2.908416139104011e-6
2050,CH,battery < grid,none,costExpStSize,1005.6736997901999
2050,CZ,caes,none,costExpStSize,2.670237439371374e-6
2050,CZ,battery < grid,none,costExpStSize,30.89250032062762
2050,DE,caes,none,costExpStSize,1.8673471698017722e-6
2050,DE,battery < grid,none,costExpStSize,5104.01021633868
2050,DK,caes,none,costExpStSize,2.681413016260873e-6
2050,DK,battery < grid,none,costExpStSize,0.0001340609346667522
2050,EE,caes,none,costExpStSize,2.8488836960177514e-6
2050,EE,battery < grid,none,costExpStSize,0.0010489459391727748
2050,ES,caes,none,costExpStSize,3.104109426850409e-6
2050,ES,battery < grid,none,costExpStSize,3718.4503718980823
2050,FI,caes,none,costExpStSize,2.8312538237758913e-6
2050,FI,battery < grid,none,costExpStSize,117.42014080726206
2050,FR,caes,none,costExpStSize,2.8152087561795453e-6
2050,FR,battery < grid,none,costExpStSize,523.9169957974004
2050,GR,caes,none,costExpStSize,3.062776939843554e-6
2050,GR,battery < grid,none,costExpStSize,1055.4289296843253
2050,HR,caes,none,costExpStSize,2.778247963999322e-6
2050,HR,battery < grid,none,costExpStSize,165.2485346530288
2050,HU,caes,none,costExpStSize,2.799204839621897e-6
2050,HU,battery < grid,none,costExpStSize,82.88314016286456
2050,IE,caes,none,costExpStSize,2.9310042038382116e-6
2050,IE,battery < grid,none,costExpStSize,346.8331086765067
2050,IT,caes,none,costExpStSize,2.7423101202004536e-6
2050,IT,battery < grid,none,costExpStSize,1906.073384421488
2050,LT,caes,none,costExpStSize,2.755262808210891e-6
2050,LT,battery < grid,none,costExpStSize,0.0003851520093740131
2050,LU,caes,none,costExpStSize,2.7191350296165534e-6
2050,LU,battery < grid,none,costExpStSize,0.0028395518182206523
2050,LV,caes,none,costExpStSize,2.7296432368790925e-6
2050,LV,battery < grid,none,costExpStSize,0.000939998474190486
2050,NL,caes,none,costExpStSize,2.943429316324071e-6
2050,NL,battery < grid,none,costExpStSize,464.06020707219204
2050,NO,caes,none,costExpStSize,2.338202281324228e-6
2050,NO,battery < grid,none,costExpStSize,7.911442459423981e-5
2050,NONEU_Balkan,caes,none,costExpStSize,3.0225102278045778e-6
2050,NONEU_Balkan,battery < grid,none,costExpStSize,654.2349705983265
2050,PL,caes,none,costExpStSize,2.88950838009326e-6
2050,PL,battery < grid,none,costExpStSize,328.4452768895998
2050,PT,caes,none,costExpStSize,3.154159186822191e-6
2050,PT,battery < grid,none,costExpStSize,226.85643393764582
2050,RO,caes,none,costExpStSize,2.8438935759462473e-6
2050,RO,battery < grid,none,costExpStSize,651.5996419443956
2050,SE,caes,none,costExpStSize,2.5959640402343852e-6
2050,SE,battery < grid,none,costExpStSize,0.00015140385325549058
2050,SI,caes,none,costExpStSize,2.710526175445239e-6
2050,SI,battery < grid,none,costExpStSize,58.9765650482108
2050,SK,caes,none,costExpStSize,2.86175866491438e-6
2050,SK,battery < grid,none,costExpStSize,56.59436062359803
2050,TR,caes,none,costExpStSize,2.889831666702802e-6
2050,TR,battery < grid,none,costExpStSize,3130.2259782394426
2050,UK,caes,none,costExpStSize,2.8349190200449615e-6
2050,UK,battery < grid,none,costExpStSize,721.495130954343
2050,AT,none,biomass,costTrdBuy,0.0
2050,BE,none,biomass,costTrdBuy,0.0
2050,BG,none,biomass,costTrdBuy,0.0
2050,CH,none,biomass,costTrdBuy,0.0
2050,CZ,none,biomass,costTrdBuy,0.0
2050,DE,none,biomass,costTrdBuy,0.0
2050,DK,none,biomass,costTrdBuy,0.0
2050,EE,none,biomass,costTrdBuy,0.0
2050,ES,none,biomass,costTrdBuy,0.0
2050,FI,none,biomass,costTrdBuy,0.0
2050,FR,none,biomass,costTrdBuy,0.0
2050,GR,none,biomass,costTrdBuy,0.0
2050,HR,none,biomass,costTrdBuy,0.0
2050,HU,none,biomass,costTrdBuy,0.0
2050,IE,none,biomass,costTrdBuy,0.0
2050,IT,none,biomass,costTrdBuy,0.0
2050,LT,none,biomass,costTrdBuy,0.0
2050,LU,none,biomass,costTrdBuy,0.0
2050,LV,none,biomass,costTrdBuy,0.0
2050,NL,none,biomass,costTrdBuy,0.0
2050,NO,none,biomass,costTrdBuy,0.0
2050,NONEU_Balkan,none,biomass,costTrdBuy,0.0
2050,PL,none,biomass,costTrdBuy,0.0
2050,PT,none,biomass,costTrdBuy,0.0
2050,RO,none,biomass,costTrdBuy,0.0
2050,SE,none,biomass,costTrdBuy,0.0
2050,SI,none,biomass,costTrdBuy,0.0
2050,SK,none,biomass,costTrdBuy,0.0
2050,TR,none,biomass,costTrdBuy,0.0
2050,UK,none,biomass,costTrdBuy,0.0
2050,AT,pumpedHydro,none,costOprStIn,1.5822800000000001
2050,AT,gasStorage,none,costOprStIn,39.86585849699306
2050,AT,caes,none,costOprStIn,3.375713908014382e-5
2050,AT,battery < grid,none,costOprStIn,0.000173493356491248
2050,BE,pumpedHydro,none,costOprStIn,0.322
2050,BE,gasStorage,none,costOprStIn,11.723144539576312
2050,BE,caes,none,costOprStIn,3.1134649104031894e-5
2050,BE,battery < grid,none,costOprStIn,22.941086162606137
2050,BG,pumpedHydro,none,costOprStIn,0.26124
2050,BG,gasStorage,none,costOprStIn,25.993743711779892
2050,BG,caes,none,costOprStIn,3.183662306314548e-5
2050,BG,battery < grid,none,costOprStIn,21.126107869136252
2050,CH,pumpedHydro,none,costOprStIn,1.1494000000000002
2050,CH,caes,none,costOprStIn,3.355757159279811e-5
2050,CH,battery < grid,none,costOprStIn,50.532604232859725
2050,CZ,pumpedHydro,none,costOprStIn,0.28
2050,CZ,gasStorage,none,costOprStIn,31.69669280431397
2050,CZ,caes,none,costOprStIn,3.080961344848126e-5
2050,CZ,battery < grid,none,costOprStIn,1.5522713742254726
2050,DE,pumpedHydro,none,costOprStIn,2.37496
2050,DE,gasStorage,none,costOprStIn,418.2426453152039
2050,DE,caes,none,costOprStIn,2.1694156865562006e-5
2050,DE,battery < grid,none,costOprStIn,256.46382922758437
2050,ES,pumpedHydro,none,costOprStIn,2.3184
2050,ES,gasStorage,none,costOprStIn,52.33465088108555
2050,ES,caes,none,costOprStIn,3.58155062260497e-5
2050,ES,battery < grid,none,costOprStIn,186.8428904875528
2050,FR,pumpedHydro,none,costOprStIn,1.54
2050,FR,gasStorage,none,costOprStIn,200.96176801070814
2050,FR,caes,none,costOprStIn,3.248218266229034e-5
2050,FR,battery < grid,none,costOprStIn,26.325527043298365
2050,GR,pumpedHydro,none,costOprStIn,0.36092
2050,GR,gasStorage,none,costOprStIn,11.426390558594116
2050,GR,caes,none,costOprStIn,3.53385887489208e-5
2050,GR,battery < grid,none,costOprStIn,53.03268088461544
2050,HR,pumpedHydro,none,costOprStIn,0.084
2050,HR,gasStorage,none,costOprStIn,9.406772257086724
2050,HR,caes,none,costOprStIn,3.205574543898229e-5
2050,HR,battery < grid,none,costOprStIn,8.303328210497195
2050,IE,pumpedHydro,none,costOprStIn,0.12376000000000001
2050,IE,caes,none,costOprStIn,3.381820531281932e-5
2050,IE,battery < grid,none,costOprStIn,17.427501804459556
2050,IT,pumpedHydro,none,costOprStIn,1.6049031516
2050,IT,gasStorage,none,costOprStIn,255.25505064665833
2050,IT,caes,none,costOprStIn,3.1641411698787885e-5
2050,IT,battery < grid,none,costOprStIn,95.77545075007276
2050,LT,pumpedHydro,none,costOprStIn,0.266
2050,LT,caes,none,costOprStIn,3.179062469565022e-5
2050,LT,battery < grid,none,costOprStIn,1.9374430906763113e-5
2050,LU,pumpedHydro,none,costOprStIn,0.28728000000000004
2050,LU,caes,none,costOprStIn,3.137368657010702e-5
2050,LU,battery < grid,none,costOprStIn,0.00014268621477533345
2050,NO,pumpedHydro,none,costOprStIn,0.31211824000000005
2050,NO,caes,none,costOprStIn,2.697893068916254e-5
2050,NO,battery < grid,none,costOprStIn,8.731267330934094e-6
2050,PL,pumpedHydro,none,costOprStIn,0.41663999999999995
2050,PL,gasStorage,none,costOprStIn,62.54843647177806
2050,PL,caes,none,costOprStIn,3.3339454197118074e-5
2050,PL,battery < grid,none,costOprStIn,16.50355900152985
2050,PT,pumpedHydro,none,costOprStIn,1.1535720000000003
2050,PT,gasStorage,none,costOprStIn,6.679724981268702
2050,PT,caes,none,costOprStIn,3.6392975255269086e-5
2050,PT,battery < grid,none,costOprStIn,11.398972241426879
2050,SI,pumpedHydro,none,costOprStIn,0.17276000000000002
2050,SI,caes,none,costOprStIn,3.127431656061575e-5
2050,SI,battery < grid,none,costOprStIn,2.9634258305321803
2050,SK,pumpedHydro,none,costOprStIn,0.4160800000000001
2050,SK,gasStorage,none,costOprStIn,61.596273118399246
2050,SK,caes,none,costOprStIn,3.3019211879122066e-5
2050,SK,battery < grid,none,costOprStIn,2.8437259872464056
2050,DK,gasStorage,none,costOprStIn,20.28854573387662
2050,DK,caes,none,costOprStIn,3.09387598675019e-5
2050,DK,battery < grid,none,costOprStIn,9.072859291247543e-6
2050,HU,gasStorage,none,costOprStIn,84.43755468646607
2050,HU,caes,none,costOprStIn,3.229755451898288e-5
2050,HU,battery < grid,none,costOprStIn,4.164671841956104
2050,LV,gasStorage,none,costOprStIn,8.408356987441666
2050,LV,caes,none,costOprStIn,3.1495369109724816e-5
2050,LV,battery < grid,none,costOprStIn,4.7254687665294464e-5
2050,NL,gasStorage,none,costOprStIn,249.90323395446032
2050,NL,caes,none,costOprStIn,3.396188195652219e-5
2050,NL,battery < grid,none,costOprStIn,23.317872165548806
2050,RO,gasStorage,none,costOprStIn,72.94408797463788
2050,RO,caes,none,costOprStIn,3.281320687564592e-5
2050,RO,battery < grid,none,costOprStIn,32.74126269786032
2050,SE,gasStorage,none,costOprStIn,0.5476341300584295
2050,SE,caes,none,costOprStIn,2.9952725470179648e-5
2050,SE,battery < grid,none,costOprStIn,9.121691383941366e-6
2050,TR,gasStorage,none,costOprStIn,141.71624998198263
2050,TR,caes,none,costOprStIn,3.334314680046857e-5
2050,TR,battery < grid,none,costOprStIn,157.28607635605613
2050,UK,gasStorage,none,costOprStIn,93.74313756612662
2050,UK,caes,none,costOprStIn,3.270958076812975e-5
2050,UK,battery < grid,none,costOprStIn,36.25333732816339
2050,EE,caes,none,costOprStIn,3.2870873863183714e-5
2050,EE,battery < grid,none,costOprStIn,5.2743004695612564e-5
2050,FI,caes,none,costOprStIn,3.266730413525479e-5
2050,FI,battery < grid,none,costOprStIn,5.90007054231244
2050,NONEU_Balkan,caes,none,costOprStIn,3.4873938480972686e-5
2050,NONEU_Balkan,battery < grid,none,costOprStIn,32.87368146622891
2050,AT,none,electricity < electricity_central,costLss,3.37713245472436e-5
2050,AT,none,gas < hydrogen,costLss,1.4140258150058334e-6
2050,AT,none,gas < synthGas,costLss,1.4288883475209415e-6
2050,AT,none,mobility,costLss,1.3767373333013285e-6
2050,AT,none,heatIndustry,costLss,7.188560273467152e-6
2050,AT,none,heatResidental,costLss,7.430096283236614e-6
2050,BE,none,electricity < electricity_central,costLss,3.383603684993689e-5
2050,BE,none,gas < hydrogen,costLss,1.3962360986493341e-6
2050,BE,none,gas < synthGas,costLss,1.429603978792634e-6
2050,BE,none,mobility,costLss,1.3772281736438862e-6
2050,BE,none,heatIndustry,costLss,7.16682628861206e-6
2050,BE,none,heatResidental,costLss,7.446107301894579e-6
2050,BG,none,electricity < electricity_central,costLss,3.37197848297296e-5
2050,BG,none,gas < hydrogen,costLss,1.4088441367377428e-6
2050,BG,none,gas < synthGas,costLss,1.4302955041166016e-6
2050,BG,none,mobility,costLss,1.3758226392192577e-6
2050,BG,none,heatIndustry,costLss,7.248933848329626e-6
2050,BG,none,heatResidental,costLss,7.475379778353785e-6
2050,CH,none,electricity < electricity_central,costLss,3.364771160371398e-5
2050,CH,none,gas < hydrogen,costLss,1.2964678970253298e-6
2050,CH,none,gas < synthGas,costLss,1.4396852846387627e-6
2050,CH,none,mobility,costLss,1.3762954976193979e-6
2050,CH,none,heatIndustry,costLss,7.277961621705839e-6
2050,CH,none,heatResidental,costLss,7.464338748590488e-6
2050,CZ,none,electricity < electricity_central,costLss,3.377927052374375e-5
2050,CZ,none,gas < hydrogen,costLss,1.410679193856921e-6
2050,CZ,none,gas < synthGas,costLss,1.4317272616712936e-6
2050,CZ,none,mobility,costLss,1.3770813539627249e-6
2050,CZ,none,heatIndustry,costLss,7.206897225640352e-6
2050,CZ,none,heatResidental,costLss,7.446705646573991e-6
2050,DE,none,electricity < electricity_central,costLss,3.4267906280235e-5
2050,DE,none,gas < hydrogen,costLss,1.4377557636934275e-6
2050,DE,none,gas < synthGas,costLss,1.7556798872066413e-6
2050,DE,none,mobility,costLss,1.3517488353831957e-6
2050,DE,none,heatIndustry,costLss,8.282454111545039e-6
2050,DE,none,heatResidental,costLss,6.394985288266231e-6
2050,DK,none,electricity < electricity_central,costLss,3.387815241840354e-5
2050,DK,none,gas < hydrogen,costLss,1.419558349828479e-6
2050,DK,none,gas < synthGas,costLss,1.4271375704148104e-6
2050,DK,none,mobility,costLss,1.3794091944121804e-6
2050,DK,none,heatIndustry,costLss,7.271530935349397e-6
2050,DK,none,heatResidental,costLss,7.442161230149296e-6
2050,EE,none,electricity < electricity_central,costLss,3.39459711835693e-5
2050,EE,none,gas < hydrogen,costLss,1.3199228162914687e-6
2050,EE,none,gas < synthGas,costLss,1.4376441360877988e-6
2050,EE,none,mobility,costLss,1.3800295952030256e-6
2050,EE,none,heatIndustry,costLss,7.305351708006874e-6
2050,EE,none,heatResidental,costLss,7.476489663314718e-6
2050,ES,none,electricity < electricity_central,costLss,3.3756829994533626e-5
2050,ES,none,gas < hydrogen,costLss,1.4102790774370166e-6
2050,ES,none,gas < synthGas,costLss,1.4294578611366408e-6
2050,ES,none,mobility,costLss,1.3761487106279772e-6
2050,ES,none,heatIndustry,costLss,7.132487625719751e-6
2050,ES,none,heatResidental,costLss,7.362971537222973e-6
2050,FI,none,electricity < electricity_central,costLss,3.390180095845903e-5
2050,FI,none,gas < hydrogen,costLss,1.3153563245456827e-6
2050,FI,none,gas < synthGas,costLss,1.4373106571818203e-6
2050,FI,none,mobility,costLss,1.3803756544577395e-6
2050,FI,none,heatIndustry,costLss,7.224772387888087e-6
2050,FI,none,heatResidental,costLss,7.3853861503643355e-6
2050,FR,none,electricity < electricity_central,costLss,3.3751077574762934e-5
2050,FR,none,gas < hydrogen,costLss,1.382497689096966e-6
2050,FR,none,gas < synthGas,costLss,1.4329656925847735e-6
2050,FR,none,mobility,costLss,1.3725107089456008e-6
2050,FR,none,heatIndustry,costLss,7.06538305053236e-6
2050,FR,none,heatResidental,costLss,7.1906724041513545e-6
2050,GR,none,electricity < electricity_central,costLss,3.373825911789545e-5
2050,GR,none,gas < hydrogen,costLss,1.4059408851562504e-6
2050,GR,none,gas < synthGas,costLss,1.4328417111998164e-6
2050,GR,none,mobility,costLss,1.3759243146272153e-6
2050,GR,none,heatIndustry,costLss,7.2412418309989506e-6
2050,GR,none,heatResidental,costLss,7.448385609009583e-6
2050,HR,none,electricity < electricity_central,costLss,3.363135550165053e-5
2050,HR,none,gas < hydrogen,costLss,1.3964888261396143e-6
2050,HR,none,gas < synthGas,costLss,1.4387958265489705e-6
2050,HR,none,mobility,costLss,1.3763150687318147e-6
2050,HR,none,heatIndustry,costLss,7.2848364207832205e-6
2050,HR,none,heatResidental,costLss,7.483212507793088e-6
2050,HU,none,electricity < electricity_central,costLss,3.37751507257594e-5
2050,HU,none,gas < hydrogen,costLss,1.3757289937558086e-6
2050,HU,none,gas < synthGas,costLss,1.436308699329087e-6
2050,HU,none,mobility,costLss,1.3765487618069156e-6
2050,HU,none,heatIndustry,costLss,7.2322480627531885e-6
2050,HU,none,heatResidental,costLss,7.455081587060266e-6
2050,IE,none,electricity < electricity_central,costLss,3.3868834479722195e-5
2050,IE,none,gas < hydrogen,costLss,1.3165314041470153e-6
2050,IE,none,gas < synthGas,costLss,1.4368055896316543e-6
2050,IE,none,mobility,costLss,1.3774172716818656e-6
2050,IE,none,heatIndustry,costLss,7.266897377643643e-6
2050,IE,none,heatResidental,costLss,7.454969210371085e-6
2050,IT,none,electricity < electricity_central,costLss,3.376452253498792e-5
2050,IT,none,gas < hydrogen,costLss,1.38739299018086e-6
2050,IT,none,gas < synthGas,costLss,1.4290377659212808e-6
2050,IT,none,mobility,costLss,1.3715320524839986e-6
2050,IT,none,heatIndustry,costLss,7.1273539437973715e-6
2050,IT,none,heatResidental,costLss,6.07703045969083e-6
2050,LT,none,electricity < electricity_central,costLss,3.39079133424882e-5
2050,LT,none,gas < hydrogen,costLss,1.318148992996566e-6
2050,LT,none,gas < synthGas,costLss,1.4379243040582501e-6
2050,LT,none,mobility,costLss,1.3795104020168135e-6
2050,LT,none,heatIndustry,costLss,7.285550543278185e-6
2050,LT,none,heatResidental,costLss,7.472888309053166e-6
2050,LU,none,electricity < electricity_central,costLss,3.3844951765569484e-5
2050,LU,none,gas < hydrogen,costLss,1.3371968939124086e-6
2050,LU,none,gas < synthGas,costLss,1.4235377597975381e-6
2050,LU,none,mobility,costLss,1.3767764825759292e-6
2050,LU,none,heatIndustry,costLss,7.295837565270536e-6
2050,LU,none,heatResidental,costLss,7.457097247340141e-6
2050,LV,none,electricity < electricity_central,costLss,3.394282322726019e-5
2050,LV,none,gas < hydrogen,costLss,1.4169173847189822e-6
2050,LV,none,gas < synthGas,costLss,1.4331680077672043e-6
2050,LV,none,mobility,costLss,1.379762852166056e-6
2050,LV,none,heatIndustry,costLss,7.2969384630429825e-6
2050,LV,none,heatResidental,costLss,7.476745888684499e-6
2050,NL,none,electricity < electricity_central,costLss,3.3840854700504336e-5
2050,NL,none,gas < hydrogen,costLss,1.3855819198636323e-6
2050,NL,none,gas < synthGas,costLss,1.4341448672286514e-6
2050,NL,none,mobility,costLss,1.3774209217844437e-6
2050,NL,none,heatIndustry,costLss,7.146016972489849e-6
2050,NL,none,heatResidental,costLss,7.384980253318435e-6
2050,NO,none,electricity < electricity_central,costLss,3.383785246378409e-5
2050,NO,none,gas < hydrogen,costLss,1.3090124300975402e-6
2050,NO,none,gas < synthGas,costLss,1.4298952131096996e-6
2050,NO,none,mobility,costLss,1.3799483445391794e-6
2050,NO,none,heatIndustry,costLss,7.214578814225573e-6
2050,NO,none,heatResidental,costLss,7.45845057815278e-6
2050,NONEU_Balkan,none,electricity < electricity_central,costLss,3.372145802644347e-5
2050,NONEU_Balkan,none,gas < hydrogen,costLss,1.2988483456991515e-6
2050,NONEU_Balkan,none,gas < synthGas,costLss,1.4400710120041779e-6
2050,NONEU_Balkan,none,mobility,costLss,1.3758745902731526e-6
2050,NONEU_Balkan,none,heatIndustry,costLss,7.250545598976524e-6
2050,NONEU_Balkan,none,heatResidental,costLss,7.4757329602037635e-6
2050,PL,none,electricity < electricity_central,costLss,3.3882369442272014e-5
2050,PL,none,gas < hydrogen,costLss,1.388382211838452e-6
2050,PL,none,gas < synthGas,costLss,1.4356465930323204e-6
2050,PL,none,mobility,costLss,1.3778966962085055e-6
2050,PL,none,heatIndustry,costLss,7.157989025746366e-6
2050,PL,none,heatResidental,costLss,7.382144523501611e-6
2050,PT,none,electricity < electricity_central,costLss,3.3772642954220485e-5
2050,PT,none,gas < hydrogen,costLss,1.4080962646177705e-6
2050,PT,none,gas < synthGas,costLss,1.4308348506665992e-6
2050,PT,none,mobility,costLss,1.375653742576885e-6
2050,PT,none,heatIndustry,costLss,7.239876563138388e-6
2050,PT,none,heatResidental,costLss,6.830104329243177e-6
2050,RO,none,electricity < electricity_central,costLss,3.373575662643649e-5
2050,RO,none,gas < hydrogen,costLss,1.3698854661822358e-6
2050,RO,none,gas < synthGas,costLss,1.4407303816262147e-6
2050,RO,none,mobility,costLss,1.3761293497766023e-6
2050,RO,none,heatIndustry,costLss,7.18802369902535e-6
2050,RO,none,heatResidental,costLss,7.470959670085852e-6
2050,SE,none,electricity < electricity_central,costLss,3.390867228802421e-5
2050,SE,none,gas < hydrogen,costLss,1.3885235303273136e-6
2050,SE,none,gas < synthGas,costLss,1.433780440039043e-6
2050,SE,none,mobility,costLss,1.3800230866917121e-6
2050,SE,none,heatIndustry,costLss,7.194740506931262e-6
2050,SE,none,heatResidental,costLss,7.389130376552058e-6
2050,SI,none,electricity < electricity_central,costLss,3.373265839740771e-5
2050,SI,none,gas < hydrogen,costLss,1.3261741488389221e-6
2050,SI,none,gas < synthGas,costLss,1.4170871080539018e-6
2050,SI,none,mobility,costLss,1.3768242537183634e-6
2050,SI,none,heatIndustry,costLss,7.2918558629283945e-6
2050,SI,none,heatResidental,costLss,7.483132080892716e-6
2050,SK,none,electricity < electricity_central,costLss,3.37116188769984e-5
2050,SK,none,gas < hydrogen,costLss,1.4073412417600866e-6
2050,SK,none,gas < synthGas,costLss,1.4325500267639511e-6
2050,SK,none,mobility,costLss,1.3769752929951217e-6
2050,SK,none,heatIndustry,costLss,7.236650003253171e-6
2050,SK,none,heatResidental,costLss,7.484436518815362e-6
2050,TR,none,electricity < electricity_central,costLss,3.371639362186466e-5
2050,TR,none,gas < hydrogen,costLss,1.4021129458844997e-6
2050,TR,none,gas < synthGas,costLss,1.4343595743001473e-6
2050,TR,none,mobility,costLss,1.3762484665812693e-6
2050,TR,none,heatIndustry,costLss,6.994210758956739e-6
2050,TR,none,heatResidental,costLss,7.343722889213627e-6
2050,UK,none,electricity < electricity_central,costLss,3.385395959261139e-5
2050,UK,none,gas < hydrogen,costLss,1.3938537509410257e-6
2050,UK,none,gas < synthGas,costLss,1.428855906291508e-6
2050,UK,none,mobility,costLss,1.374329218949936e-6
2050,UK,none,heatIndustry,costLss,7.131667517916466e-6
2050,UK,none,heatResidental,costLss,7.296840401933272e-6
2050,DE,gasStorage,none,costOprStOut,527.3036782790806
2050,AT,gasStorage,none,costOprStOut,48.7763936504174
2050,BE,gasStorage,none,costOprStOut,35.11827494580807
2050,BG,gasStorage,none,costOprStOut,31.160999832998225
2050,CZ,gasStorage,none,costOprStOut,40.17227541843146
2050,DK,gasStorage,none,costOprStOut,40.27724932808682
2050,ES,gasStorage,none,costOprStOut,88.88391397728184
2050,FR,gasStorage,none,costOprStOut,514.0258989949324
2050,GR,gasStorage,none,costOprStOut,9.141112415377519
2050,HR,gasStorage,none,costOprStOut,12.341213585941912
2050,HU,gasStorage,none,costOprStOut,110.65209156716847
2050,IT,gasStorage,none,costOprStOut,349.12095793857253
2050,LV,gasStorage,none,costOprStOut,44.50909119954035
2050,NL,gasStorage,none,costOprStOut,219.49952893359276
2050,PL,gasStorage,none,costOprStOut,131.12110602810893
2050,PT,gasStorage,none,costOprStOut,17.751824963053043
2050,RO,gasStorage,none,costOprStOut,87.46731074429482
2050,SE,gasStorage,none,costOprStOut,2.3867999311026966
2050,SK,gasStorage,none,costOprStOut,35.76034087919949
2050,TR,gasStorage,none,costOprStOut,188.9549999867581
2050,UK,gasStorage,none,costOprStOut,412.2823887699691
2050,AT,wind_offshore < offshore_c,none,costExpConv,0.0
2050,AT,fermenter,none,costExpConv,3.022063945554078
2050,AT,electrolysis,none,costExpConv,208.3140055092813
2050,AT,wind_offshore < offshore_a,none,costExpConv,0.0
2050,AT,wind_offshore < offshore_b,none,costExpConv,0.0
2050,AT,rooftop < rooftop_c,none,costExpConv,0.00027829569143553916
2050,AT,openspace < openspace_a,none,costExpConv,509.94124081181445
2050,AT,wind_onshore < onshore_a,none,costExpConv,423.60459226512245
2050,AT,methanation,none,costExpConv,2.372996536279342e-6
2050,AT,ocgtHydrogen,none,costExpConv,91.90356905194673
2050,AT,gasPlant,none,costExpConv,2.0657609280362408e-5
2050,AT,wind_onshore < onshore_b,none,costExpConv,0.0
2050,AT,openspace < openspace_b,none,costExpConv,509.9412408016305
2050,AT,biomassPlant,none,costExpConv,2.944388179986667e-5
2050,AT,rooftop < rooftop_b,none,costExpConv,0.00027829569143277553
2050,AT,rooftop < rooftop_a,none,costExpConv,0.0002782956914348184
2050,BE,wind_offshore < offshore_c,none,costExpConv,0.0
2050,BE,fermenter,none,costExpConv,22.649003312495523
2050,BE,electrolysis,none,costExpConv,394.0376351365731
2050,BE,wind_offshore < offshore_a,none,costExpConv,264.42136951875574
2050,BE,wind_offshore < offshore_b,none,costExpConv,0.0
2050,BE,rooftop < rooftop_c,none,costExpConv,8.863745709535194e-5
2050,BE,openspace < openspace_a,none,costExpConv,1051.9966144692567
2050,BE,wind_onshore < onshore_a,none,costExpConv,878.3685624596034
2050,BE,methanation,none,costExpConv,2.0141858219829235e-6
2050,BE,ocgtHydrogen,none,costExpConv,47.79212099030676
2050,BE,gasPlant,none,costExpConv,2.957623407601549e-5
2050,BE,wind_onshore < onshore_b,none,costExpConv,0.0
2050,BE,openspace < openspace_b,none,costExpConv,1051.9966142012227
2050,BE,biomassPlant,none,costExpConv,3.247430278834321e-5
2050,BE,rooftop < rooftop_b,none,costExpConv,8.863745709500202e-5
2050,BE,rooftop < rooftop_a,none,costExpConv,8.863745709484162e-5
2050,BG,wind_offshore < offshore_c,none,costExpConv,0.0
2050,BG,fermenter,none,costExpConv,7.59931777063117
2050,BG,electrolysis,none,costExpConv,299.4271685220103
2050,BG,wind_offshore < offshore_a,none,costExpConv,0.0
2050,BG,wind_offshore < offshore_b,none,costExpConv,0.0
2050,BG,rooftop < rooftop_c,none,costExpConv,351.5908711629283
2050,BG,openspace < openspace_a,none,costExpConv,304.7470475372724
2050,BG,wind_onshore < onshore_a,none,costExpConv,5.0263288841916555e-8
2050,BG,methanation,none,costExpConv,2.3659360258617443
2050,BG,ocgtHydrogen,none,costExpConv,129.5060044030445
2050,BG,gasPlant,none,costExpConv,2.5077973761182176e-5
2050,BG,wind_onshore < onshore_b,none,costExpConv,0.0
2050,BG,openspace < openspace_b,none,costExpConv,304.74704753130817
2050,BG,biomassPlant,none,costExpConv,3.081143573148011e-5
2050,BG,rooftop < rooftop_b,none,costExpConv,350.4273214234718
2050,BG,rooftop < rooftop_a,none,costExpConv,350.3676368384744
2050,CH,wind_offshore < offshore_c,none,costExpConv,0.0
2050,CH,fermenter,none,costExpConv,3.618762276506048
2050,CH,electrolysis,none,costExpConv,601.2576559341942
2050,CH,wind_offshore < offshore_a,none,costExpConv,0.0
2050,CH,wind_offshore < offshore_b,none,costExpConv,0.0
2050,CH,rooftop < rooftop_c,none,costExpConv,398.4954153400826
2050,CH,openspace < openspace_a,none,costExpConv,983.6330737110629
2050,CH,wind_onshore < onshore_a,none,costExpConv,0.0
2050,CH,methanation,none,costExpConv,9.393609709152652e-6
2050,CH,ocgtHydrogen,none,costExpConv,165.31618268421607
2050,CH,gasPlant,none,costExpConv,2.170090559323406e-5
2050,CH,wind_onshore < onshore_b,none,costExpConv,0.0
2050,CH,openspace < openspace_b,none,costExpConv,983.6330737050241
2050,CH,biomassPlant,none,costExpConv,3.052116268300916e-5
2050,CH,rooftop < rooftop_b,none,costExpConv,398.448392964184
2050,CH,rooftop < rooftop_a,none,costExpConv,398.3877476889332
2050,CZ,wind_offshore < offshore_c,none,costExpConv,0.0
2050,CZ,fermenter,none,costExpConv,3.7015667133371344
2050,CZ,electrolysis,none,costExpConv,174.0241941664808
2050,CZ,wind_offshore < offshore_a,none,costExpConv,0.0
2050,CZ,wind_offshore < offshore_b,none,costExpConv,0.0
2050,CZ,rooftop < rooftop_c,none,costExpConv,0.00018236041375252693
2050,CZ,openspace < openspace_a,none,costExpConv,427.94681433135776
2050,CZ,wind_onshore < onshore_a,none,costExpConv,1125.9357293387004
2050,CZ,methanation,none,costExpConv,1.445872348425737e-6
2050,CZ,ocgtHydrogen,none,costExpConv,84.76932959327614
2050,CZ,gasPlant,none,costExpConv,2.5685618156881313e-5
2050,CZ,wind_onshore < onshore_b,none,costExpConv,0.0
2050,CZ,openspace < openspace_b,none,costExpConv,427.9468143174545
2050,CZ,biomassPlant,none,costExpConv,3.1361243280615203e-5
2050,CZ,rooftop < rooftop_b,none,costExpConv,0.00018236041373607666
2050,CZ,rooftop < rooftop_a,none,costExpConv,0.00018236041373018218
2050,DE,wind_offshore < offshore_c,none,costExpConv,0.0
2050,DE,fermenter,none,costExpConv,122.0682847898339
2050,DE,electrolysis,none,costExpConv,7385.993734788279
2050,DE,wind_offshore < offshore_a,none,costExpConv,2830.8196328415565
2050,DE,wind_offshore < offshore_b,none,costExpConv,0.0
2050,DE,rooftop < rooftop_c,none,costExpConv,4133.608700195397
2050,DE,openspace < openspace_a,none,costExpConv,5155.5196075077
2050,DE,wind_onshore < onshore_a,none,costExpConv,9388.282290342668
2050,DE,methanation,none,costExpConv,4.10540136642627e-6
2050,DE,ocgtHydrogen,none,costExpConv,555.2685150425865
2050,DE,gasPlant,none,costExpConv,2.2773908405812466e-5
2050,DE,wind_onshore < onshore_b,none,costExpConv,8792.924529838778
2050,DE,openspace < openspace_b,none,costExpConv,3605.3371450775207
2050,DE,biomassPlant,none,costExpConv,2.996641663632571e-5
2050,DE,rooftop < rooftop_b,none,costExpConv,4876.264351239769
2050,DE,rooftop < rooftop_a,none,costExpConv,7313.237644904274
2050,DK,wind_offshore < offshore_c,none,costExpConv,0.0
2050,DK,fermenter,none,costExpConv,0.8563468117979336
2050,DK,electrolysis,none,costExpConv,0.00021383379928679324
2050,DK,wind_offshore < offshore_a,none,costExpConv,350.3583146856291
2050,DK,wind_offshore < offshore_b,none,costExpConv,0.0
2050,DK,rooftop < rooftop_c,none,costExpConv,12.946773462935948
2050,DK,openspace < openspace_a,none,costExpConv,94.50603468321376
2050,DK,wind_onshore < onshore_a,none,costExpConv,853.0666079645143
2050,DK,methanation,none,costExpConv,1.6921389621401322e-6
2050,DK,ocgtHydrogen,none,costExpConv,93.40286800016476
2050,DK,gasPlant,none,costExpConv,3.013391896268815e-5
2050,DK,wind_onshore < onshore_b,none,costExpConv,1.96371969745967e-8
2050,DK,openspace < openspace_b,none,costExpConv,94.50603467672715
2050,DK,biomassPlant,none,costExpConv,3.350087990465413e-5
2050,DK,rooftop < rooftop_b,none,costExpConv,12.946772064137846
2050,DK,rooftop < rooftop_a,none,costExpConv,12.946769082381735
2050,EE,wind_offshore < offshore_c,none,costExpConv,0.0
2050,EE,fermenter,none,costExpConv,0.14508052722842285
2050,EE,electrolysis,none,costExpConv,7.160337295231127
2050,EE,wind_offshore < offshore_a,none,costExpConv,39.66320547157155
2050,EE,wind_offshore < offshore_b,none,costExpConv,0.0
2050,EE,rooftop < rooftop_c,none,costExpConv,18.544140289132198
2050,EE,openspace < openspace_a,none,costExpConv,17.500094326333148
2050,EE,wind_onshore < onshore_a,none,costExpConv,124.36341603274006
2050,EE,methanation,none,costExpConv,9.301110401200234e-7
2050,EE,ocgtHydrogen,none,costExpConv,25.288060689566
2050,EE,gasPlant,none,costExpConv,0.0002490384453007088
2050,EE,wind_onshore < onshore_b,none,costExpConv,0.0
2050,EE,openspace < openspace_b,none,costExpConv,17.50009432022662
2050,EE,biomassPlant,none,costExpConv,3.821360869588868e-5
2050,EE,rooftop < rooftop_b,none,costExpConv,18.544136761572965
2050,EE,rooftop < rooftop_a,none,costExpConv,18.544131183881134
2050,ES,wind_offshore < offshore_c,none,costExpConv,0.0
2050,ES,fermenter,none,costExpConv,26.816977303411026
2050,ES,electrolysis,none,costExpConv,1464.202181038451
2050,ES,wind_offshore < offshore_a,none,costExpConv,0.6610534546554105
2050,ES,wind_offshore < offshore_b,none,costExpConv,0.0
2050,ES,rooftop < rooftop_c,none,costExpConv,2202.299758369404
2050,ES,openspace < openspace_a,none,costExpConv,2341.618415811726
2050,ES,wind_onshore < onshore_a,none,costExpConv,1455.3515699002107
2050,ES,methanation,none,costExpConv,156.29525639645445
2050,ES,ocgtHydrogen,none,costExpConv,335.40237147911853
2050,ES,gasPlant,none,costExpConv,8.301187069729486e-5
2050,ES,wind_onshore < onshore_b,none,costExpConv,1.4913464085649932e-8
2050,ES,openspace < openspace_b,none,costExpConv,2341.618415805798
2050,ES,biomassPlant,none,costExpConv,3.798018645789894e-5
2050,ES,rooftop < rooftop_b,none,costExpConv,2202.3763879214935
2050,ES,rooftop < rooftop_a,none,costExpConv,2202.410847679897
2050,FI,wind_offshore < offshore_c,none,costExpConv,0.0
2050,FI,fermenter,none,costExpConv,118.78178758170661
2050,FI,electrolysis,none,costExpConv,12.581419303734434
2050,FI,wind_offshore < offshore_a,none,costExpConv,49.57900676051325
2050,FI,wind_offshore < offshore_b,none,costExpConv,0.0
2050,FI,rooftop < rooftop_c,none,costExpConv,7.598348189983524e-5
2050,FI,openspace < openspace_a,none,costExpConv,339.58562719070363
2050,FI,wind_onshore < onshore_a,none,costExpConv,1742.2351974219314
2050,FI,methanation,none,costExpConv,8.986601223231577e-6
2050,FI,ocgtHydrogen,none,costExpConv,2.8989666433785537
2050,FI,gasPlant,none,costExpConv,271.9258627935747
2050,FI,wind_onshore < onshore_b,none,costExpConv,1.751939312687086e-6
2050,FI,openspace < openspace_b,none,costExpConv,223.45865519300241
2050,FI,biomassPlant,none,costExpConv,4.2694154787313726e-5
2050,FI,rooftop < rooftop_b,none,costExpConv,7.598348189962275e-5
2050,FI,rooftop < rooftop_a,none,costExpConv,7.598348189990599e-5
2050,FR,wind_offshore < offshore_c,none,costExpConv,0.0
2050,FR,fermenter,none,costExpConv,53.93320954517249
2050,FR,electrolysis,none,costExpConv,1164.6075254200955
2050,FR,wind_offshore < offshore_a,none,costExpConv,396.63205438184286
2050,FR,wind_offshore < offshore_b,none,costExpConv,0.0
2050,FR,rooftop < rooftop_c,none,costExpConv,0.0005187185354645524
2050,FR,openspace < openspace_a,none,costExpConv,2516.4950953440393
2050,FR,wind_onshore < onshore_a,none,costExpConv,11755.455678789795
2050,FR,methanation,none,costExpConv,2.6127413387596926e-6
2050,FR,ocgtHydrogen,none,costExpConv,852.2704506424951
2050,FR,gasPlant,none,costExpConv,2.841175382549069e-5
2050,FR,wind_onshore < onshore_b,none,costExpConv,0.0
2050,FR,openspace < openspace_b,none,costExpConv,2516.495095329727
2050,FR,biomassPlant,none,costExpConv,3.202264642470007e-5
2050,FR,rooftop < rooftop_b,none,costExpConv,0.0005187185351706294
2050,FR,rooftop < rooftop_a,none,costExpConv,0.0005187185358587135
2050,GR,wind_offshore < offshore_c,none,costExpConv,0.0
2050,GR,fermenter,none,costExpConv,0.6120098724171179
2050,GR,electrolysis,none,costExpConv,139.01429509987986
2050,GR,wind_offshore < offshore_a,none,costExpConv,0.0
2050,GR,wind_offshore < offshore_b,none,costExpConv,0.0
2050,GR,rooftop < rooftop_c,none,costExpConv,332.78868230388355
2050,GR,openspace < openspace_a,none,costExpConv,650.7294456909349
2050,GR,wind_onshore < onshore_a,none,costExpConv,471.83097007227053
2050,GR,methanation,none,costExpConv,3.566880249292201
2050,GR,ocgtHydrogen,none,costExpConv,16.46848121454768
2050,GR,gasPlant,none,costExpConv,2.2966479914132773e-5
2050,GR,wind_onshore < onshore_b,none,costExpConv,0.0
2050,GR,openspace < openspace_b,none,costExpConv,650.7294456849628
2050,GR,biomassPlant,none,costExpConv,3.1795043701510594e-5
2050,GR,rooftop < rooftop_b,none,costExpConv,332.7861286279319
2050,GR,rooftop < rooftop_a,none,costExpConv,333.4661000620641
2050,HR,wind_offshore < offshore_c,none,costExpConv,0.0
2050,HR,fermenter,none,costExpConv,1.5100699219150215
2050,HR,electrolysis,none,costExpConv,127.41004825021565
2050,HR,wind_offshore < offshore_a,none,costExpConv,0.0
2050,HR,wind_offshore < offshore_b,none,costExpConv,0.0
2050,HR,rooftop < rooftop_c,none,costExpConv,0.0002554323331267353
2050,HR,openspace < openspace_a,none,costExpConv,283.21911330973427
2050,HR,wind_onshore < onshore_a,none,costExpConv,0.0
2050,HR,methanation,none,costExpConv,3.5365048399494166e-6
2050,HR,ocgtHydrogen,none,costExpConv,26.32960261356866
2050,HR,gasPlant,none,costExpConv,2.058266227794039e-5
2050,HR,wind_onshore < onshore_b,none,costExpConv,0.0
2050,HR,openspace < openspace_b,none,costExpConv,283.21911329740993
2050,HR,biomassPlant,none,costExpConv,2.9491975283776894e-5
2050,HR,rooftop < rooftop_b,none,costExpConv,0.0002554323331293132
2050,HR,rooftop < rooftop_a,none,costExpConv,0.00025543233313092686
2050,HU,wind_offshore < offshore_c,none,costExpConv,0.0
2050,HU,fermenter,none,costExpConv,8.125669993531597
2050,HU,electrolysis,none,costExpConv,232.74783363605712
2050,HU,wind_offshore < offshore_a,none,costExpConv,0.0
2050,HU,wind_offshore < offshore_b,none,costExpConv,0.0
2050,HU,rooftop < rooftop_c,none,costExpConv,0.0001907146467428735
2050,HU,openspace < openspace_a,none,costExpConv,392.31131826277834
2050,HU,wind_onshore < onshore_a,none,costExpConv,598.5477791423676
2050,HU,methanation,none,costExpConv,2.7619199825183635e-6
2050,HU,ocgtHydrogen,none,costExpConv,178.0943763534412
2050,HU,gasPlant,none,costExpConv,1.9983973256974746e-5
2050,HU,wind_onshore < onshore_b,none,costExpConv,0.0
2050,HU,openspace < openspace_b,none,costExpConv,392.31131824896335
2050,HU,biomassPlant,none,costExpConv,2.9255470442904725e-5
2050,HU,rooftop < rooftop_b,none,costExpConv,0.0001907146467430201
2050,HU,rooftop < rooftop_a,none,costExpConv,0.00019071464674273912
2050,IE,wind_offshore < offshore_c,none,costExpConv,0.0
2050,IE,fermenter,none,costExpConv,0.941284363020982
2050,IE,electrolysis,none,costExpConv,227.10013659537677
2050,IE,wind_offshore < offshore_a,none,costExpConv,231.36869838096402
2050,IE,wind_offshore < offshore_b,none,costExpConv,0.0
2050,IE,rooftop < rooftop_c,none,costExpConv,5.499090431469646e-5
2050,IE,openspace < openspace_a,none,costExpConv,1033.5519385297275
2050,IE,wind_onshore < onshore_a,none,costExpConv,1807.25647692423
2050,IE,methanation,none,costExpConv,5.485985120922825
2050,IE,ocgtHydrogen,none,costExpConv,19.444842159254318
2050,IE,gasPlant,none,costExpConv,2.7728419028230787e-5
2050,IE,wind_onshore < onshore_b,none,costExpConv,1.1790633740414467e-8
2050,IE,openspace < openspace_b,none,costExpConv,1.915600606050526e-8
2050,IE,biomassPlant,none,costExpConv,3.263213938524507e-5
2050,IE,rooftop < rooftop_b,none,costExpConv,5.499090431462809e-5
2050,IE,rooftop < rooftop_a,none,costExpConv,5.499090431443177e-5
2050,IT,wind_offshore < offshore_c,none,costExpConv,0.0
2050,IT,fermenter,none,costExpConv,52.93047247020113
2050,IT,electrolysis,none,costExpConv,2495.165924927119
2050,IT,wind_offshore < offshore_a,none,costExpConv,59.49480815234095
2050,IT,wind_offshore < offshore_b,none,costExpConv,0.0
2050,IT,rooftop < rooftop_c,none,costExpConv,1838.728268794738
2050,IT,openspace < openspace_a,none,costExpConv,2368.3684596016933
2050,IT,wind_onshore < onshore_a,none,costExpConv,1.3854204477857087e-7
2050,IT,methanation,none,costExpConv,4.698536429009901e-6
2050,IT,ocgtHydrogen,none,costExpConv,468.37646477296016
2050,IT,gasPlant,none,costExpConv,1.893431935691955e-5
2050,IT,wind_onshore < onshore_b,none,costExpConv,0.0
2050,IT,openspace < openspace_b,none,costExpConv,2368.368459596369
2050,IT,biomassPlant,none,costExpConv,2.8593306445661678e-5
2050,IT,rooftop < rooftop_b,none,costExpConv,1838.7691481455875
2050,IT,rooftop < rooftop_a,none,costExpConv,1838.7448260085393
2050,LT,wind_offshore < offshore_c,none,costExpConv,0.0
2050,LT,fermenter,none,costExpConv,0.19021428702824214
2050,LT,electrolysis,none,costExpConv,5.000579368534703
2050,LT,wind_offshore < offshore_a,none,costExpConv,19.83160268457388
2050,LT,wind_offshore < offshore_b,none,costExpConv,0.0
2050,LT,rooftop < rooftop_c,none,costExpConv,14.89769766326569
2050,LT,openspace < openspace_a,none,costExpConv,54.24172465785776
2050,LT,wind_onshore < onshore_a,none,costExpConv,179.28438153131518
2050,LT,methanation,none,costExpConv,9.572254136610432e-7
2050,LT,ocgtHydrogen,none,costExpConv,1.8566642462442213
2050,LT,gasPlant,none,costExpConv,5.4312489641232614e-5
2050,LT,wind_onshore < onshore_b,none,costExpConv,1.971515477977539e-8
2050,LT,openspace < openspace_b,none,costExpConv,54.241724651710356
2050,LT,biomassPlant,none,costExpConv,3.596967207223919e-5
2050,LT,rooftop < rooftop_b,none,costExpConv,14.897939873861299
2050,LT,rooftop < rooftop_a,none,costExpConv,14.897931335919393
2050,LU,wind_offshore < offshore_c,none,costExpConv,0.0
2050,LU,fermenter,none,costExpConv,0.5748675732206919
2050,LU,electrolysis,none,costExpConv,3.5809814514728444
2050,LU,wind_offshore < offshore_a,none,costExpConv,0.0
2050,LU,wind_offshore < offshore_b,none,costExpConv,0.0
2050,LU,rooftop < rooftop_c,none,costExpConv,0.00011126259083524441
2050,LU,openspace < openspace_a,none,costExpConv,42.46758938830982
2050,LU,wind_onshore < onshore_a,none,costExpConv,43.17277050693528
2050,LU,methanation,none,costExpConv,2.60864223611278e-6
2050,LU,ocgtHydrogen,none,costExpConv,8.690088491005216e-5
2050,LU,gasPlant,none,costExpConv,2.3785511804916495e-5
2050,LU,wind_onshore < onshore_b,none,costExpConv,0.0
2050,LU,openspace < openspace_b,none,costExpConv,42.467589357508615
2050,LU,biomassPlant,none,costExpConv,3.137174587117053e-5
2050,LU,rooftop < rooftop_b,none,costExpConv,0.00011126259083336676
2050,LU,rooftop < rooftop_a,none,costExpConv,0.00011126259083406291
2050,LV,wind_offshore < offshore_c,none,costExpConv,0.0
2050,LV,fermenter,none,costExpConv,0.3082430065776342
2050,LV,electrolysis,none,costExpConv,42.66421889126537
2050,LV,wind_offshore < offshore_a,none,costExpConv,33.052671244000585
2050,LV,wind_offshore < offshore_b,none,costExpConv,0.0
2050,LV,rooftop < rooftop_c,none,costExpConv,0.7336013210458717
2050,LV,openspace < openspace_a,none,costExpConv,57.67386701116697
2050,LV,wind_onshore < onshore_a,none,costExpConv,177.60427787160995
2050,LV,methanation,none,costExpConv,9.14271372737115e-7
2050,LV,ocgtHydrogen,none,costExpConv,47.34048581227372
2050,LV,gasPlant,none,costExpConv,9.558191081641673e-5
2050,LV,wind_onshore < onshore_b,none,costExpConv,1.5248037749030253e-8
2050,LV,openspace < openspace_b,none,costExpConv,57.673867005004766
2050,LV,biomassPlant,none,costExpConv,3.68196240235767e-5
2050,LV,rooftop < rooftop_b,none,costExpConv,0.7336013192207205
2050,LV,rooftop < rooftop_a,none,costExpConv,0.7336013191299704
2050,NL,wind_offshore < offshore_c,none,costExpConv,0.0
2050,NL,fermenter,none,costExpConv,25.907671693262806
2050,NL,electrolysis,none,costExpConv,662.5191949595014
2050,NL,wind_offshore < offshore_a,none,costExpConv,1189.8961630392748
2050,NL,wind_offshore < offshore_b,none,costExpConv,0.0
2050,NL,rooftop < rooftop_c,none,costExpConv,9.648700459048066e-5
2050,NL,openspace < openspace_a,none,costExpConv,1326.0144097556233
2050,NL,wind_onshore < onshore_a,none,costExpConv,1119.7439065678254
2050,NL,methanation,none,costExpConv,1.7661759585962218e-6
2050,NL,ocgtHydrogen,none,costExpConv,326.7095913331552
2050,NL,gasPlant,none,costExpConv,2.538345423597678e-5
2050,NL,wind_onshore < onshore_b,none,costExpConv,1.5767267002178156e-8
2050,NL,openspace < openspace_b,none,costExpConv,1326.0144096940198
2050,NL,biomassPlant,none,costExpConv,3.1180640917275526e-5
2050,NL,rooftop < rooftop_b,none,costExpConv,9.648700459049899e-5
2050,NL,rooftop < rooftop_a,none,costExpConv,9.648700459049386e-5
2050,NO,wind_offshore < offshore_c,none,costExpConv,0.0
2050,NO,fermenter,none,costExpConv,1.3564178184944558
2050,NO,electrolysis,none,costExpConv,33.687408032602235
2050,NO,wind_offshore < offshore_a,none,costExpConv,0.0
2050,NO,wind_offshore < offshore_b,none,costExpConv,0.0
2050,NO,rooftop < rooftop_c,none,costExpConv,0.00022299927323607437
2050,NO,openspace < openspace_a,none,costExpConv,231.6041980122878
2050,NO,wind_onshore < onshore_a,none,costExpConv,1266.929602016812
2050,NO,methanation,none,costExpConv,1.8027112723570482e-6
2050,NO,ocgtHydrogen,none,costExpConv,33.89742262668088
2050,NO,gasPlant,none,costExpConv,2.5476738420889174e-5
2050,NO,wind_onshore < onshore_b,none,costExpConv,2.236432412137623e-8
2050,NO,openspace < openspace_b,none,costExpConv,231.60419799270446
2050,NO,biomassPlant,none,costExpConv,3.291108082404872e-5
2050,NO,rooftop < rooftop_b,none,costExpConv,0.00022299927323835779
2050,NO,rooftop < rooftop_a,none,costExpConv,0.00022299927323309775
2050,NONEU_Balkan,wind_offshore < offshore_c,none,costExpConv,0.0
2050,NONEU_Balkan,fermenter,none,costExpConv,10.682842464121798
2050,NONEU_Balkan,electrolysis,none,costExpConv,812.9099674834675
2050,NONEU_Balkan,wind_offshore < offshore_a,none,costExpConv,0.0
2050,NONEU_Balkan,wind_offshore < offshore_b,none,costExpConv,0.0
2050,NONEU_Balkan,rooftop < rooftop_c,none,costExpConv,0.028982994716594754
2050,NONEU_Balkan,openspace < openspace_a,none,costExpConv,1010.6928504182708
2050,NONEU_Balkan,wind_onshore < onshore_a,none,costExpConv,1131.6400274045563
2050,NONEU_Balkan,methanation,none,costExpConv,1.0108697360518002e-5
2050,NONEU_Balkan,ocgtHydrogen,none,costExpConv,71.46447129000808
2050,NONEU_Balkan,gasPlant,none,costExpConv,2.1784254617801144e-5
2050,NONEU_Balkan,wind_onshore < onshore_b,none,costExpConv,1131.6400383861883
2050,NONEU_Balkan,openspace < openspace_b,none,costExpConv,1010.692850412136
2050,NONEU_Balkan,biomassPlant,none,costExpConv,2.874421539311785e-5
2050,NONEU_Balkan,rooftop < rooftop_b,none,costExpConv,0.028982993103860245
2050,NONEU_Balkan,rooftop < rooftop_a,none,costExpConv,0.02898299308537313
2050,PL,wind_offshore < offshore_c,none,costExpConv,0.0
2050,PL,fermenter,none,costExpConv,12.186384706111633
2050,PL,electrolysis,none,costExpConv,534.878612753653
2050,PL,wind_offshore < offshore_a,none,costExpConv,330.5267118986988
2050,PL,wind_offshore < offshore_b,none,costExpConv,0.0
2050,PL,rooftop < rooftop_c,none,costExpConv,0.000145007969619458
2050,PL,openspace < openspace_a,none,costExpConv,1189.000604435967
2050,PL,wind_onshore < onshore_a,none,costExpConv,3218.7554611725213
2050,PL,methanation,none,costExpConv,1.2608698916074332e-6
2050,PL,ocgtHydrogen,none,costExpConv,227.0597715733055
2050,PL,gasPlant,none,costExpConv,3.1201033425042785e-5
2050,PL,wind_onshore < onshore_b,none,costExpConv,0.0
2050,PL,openspace < openspace_b,none,costExpConv,1189.0006044182908
2050,PL,biomassPlant,none,costExpConv,3.3016614610639126e-5
2050,PL,rooftop < rooftop_b,none,costExpConv,0.0001450079696269085
2050,PL,rooftop < rooftop_a,none,costExpConv,0.0001450079696342206
2050,PT,wind_offshore < offshore_c,none,costExpConv,0.0
2050,PT,fermenter,none,costExpConv,10.675404098203769
2050,PT,electrolysis,none,costExpConv,135.04217629276377
2050,PT,wind_offshore < offshore_a,none,costExpConv,0.0
2050,PT,wind_offshore < offshore_b,none,costExpConv,0.0
2050,PT,rooftop < rooftop_c,none,costExpConv,141.6550082690153
2050,PT,openspace < openspace_a,none,costExpConv,350.536894500047
2050,PT,wind_onshore < onshore_a,none,costExpConv,266.76969924329995
2050,PT,methanation,none,costExpConv,12.37941566390909
2050,PT,ocgtHydrogen,none,costExpConv,41.651983176332806
2050,PT,gasPlant,none,costExpConv,20.149335913654756
2050,PT,wind_onshore < onshore_b,none,costExpConv,2.9524803268877283e-8
2050,PT,openspace < openspace_b,none,costExpConv,350.5368944940493
2050,PT,biomassPlant,none,costExpConv,4.027191094843742e-5
2050,PT,rooftop < rooftop_b,none,costExpConv,141.65439271619474
2050,PT,rooftop < rooftop_a,none,costExpConv,141.6488741547699
2050,RO,wind_offshore < offshore_c,none,costExpConv,0.0
2050,RO,fermenter,none,costExpConv,27.78842457674689
2050,RO,electrolysis,none,costExpConv,573.4030660399918
2050,RO,wind_offshore < offshore_a,none,costExpConv,0.0
2050,RO,wind_offshore < offshore_b,none,costExpConv,0.0
2050,RO,rooftop < rooftop_c,none,costExpConv,0.0005253319664624621
2050,RO,openspace < openspace_a,none,costExpConv,900.6793337768871
2050,RO,wind_onshore < onshore_a,none,costExpConv,852.187712339251
2050,RO,methanation,none,costExpConv,3.416667449776989e-6
2050,RO,ocgtHydrogen,none,costExpConv,193.5573699992373
2050,RO,gasPlant,none,costExpConv,2.34197742808536e-5
2050,RO,wind_onshore < onshore_b,none,costExpConv,0.0
2050,RO,openspace < openspace_b,none,costExpConv,900.6793337691555
2050,RO,biomassPlant,none,costExpConv,3.0188282564443428e-5
2050,RO,rooftop < rooftop_b,none,costExpConv,0.0005253319665594252
2050,RO,rooftop < rooftop_a,none,costExpConv,0.0005253336719989896
2050,SE,wind_offshore < offshore_c,none,costExpConv,0.0
2050,SE,fermenter,none,costExpConv,3.3983804767534833
2050,SE,electrolysis,none,costExpConv,17.694347859882896
2050,SE,wind_offshore < offshore_a,none,costExpConv,145.431753215312
2050,SE,wind_offshore < offshore_b,none,costExpConv,9.142128635437542e-8
2050,SE,rooftop < rooftop_c,none,costExpConv,0.0001886395756860414
2050,SE,openspace < openspace_a,none,costExpConv,186.25565204404035
2050,SE,wind_onshore < onshore_a,none,costExpConv,1892.7942195720475
2050,SE,methanation,none,costExpConv,1.5359513601679174e-6
2050,SE,ocgtHydrogen,none,costExpConv,73.08877599580664
2050,SE,gasPlant,none,costExpConv,6.543461231270928e-5
2050,SE,wind_onshore < onshore_b,none,costExpConv,1.2694372223231195e-5
2050,SE,openspace < openspace_b,none,costExpConv,186.25565203150484
2050,SE,biomassPlant,none,costExpConv,3.788256593433413e-5
2050,SE,rooftop < rooftop_b,none,costExpConv,0.0001886395756859484
2050,SE,rooftop < rooftop_a,none,costExpConv,0.00018863957568464887
2050,SI,wind_offshore < offshore_c,none,costExpConv,0.0
2050,SI,fermenter,none,costExpConv,1.029794171394356
2050,SI,electrolysis,none,costExpConv,5.610899048346194
2050,SI,wind_offshore < offshore_a,none,costExpConv,0.0
2050,SI,wind_offshore < offshore_b,none,costExpConv,0.0
2050,SI,rooftop < rooftop_c,none,costExpConv,0.00021462055015759158
2050,SI,openspace < openspace_a,none,costExpConv,82.59424101141938
2050,SI,wind_onshore < onshore_a,none,costExpConv,5.3924510883291394e-8
2050,SI,methanation,none,costExpConv,2.1459391997952463e-6
2050,SI,ocgtHydrogen,none,costExpConv,1.0677550151277995
2050,SI,gasPlant,none,costExpConv,2.263037986758619e-5
2050,SI,wind_onshore < onshore_b,none,costExpConv,0.0
2050,SI,openspace < openspace_b,none,costExpConv,82.59424099903396
2050,SI,biomassPlant,none,costExpConv,3.0486295120562424e-5
2050,SI,rooftop < rooftop_b,none,costExpConv,0.00021462055015726014
2050,SI,rooftop < rooftop_a,none,costExpConv,0.00021462055015942605
2050,SK,wind_offshore < offshore_c,none,costExpConv,0.0
2050,SK,fermenter,none,costExpConv,25.120847306818018
2050,SK,electrolysis,none,costExpConv,99.8448854127853
2050,SK,wind_offshore < offshore_a,none,costExpConv,0.0
2050,SK,wind_offshore < offshore_b,none,costExpConv,0.0
2050,SK,rooftop < rooftop_c,none,costExpConv,0.0002618088916472292
2050,SK,openspace < openspace_a,none,costExpConv,261.78392689633614
2050,SK,wind_onshore < onshore_a,none,costExpConv,0.0
2050,SK,methanation,none,costExpConv,1.7679589326681895e-6
2050,SK,ocgtHydrogen,none,costExpConv,95.68231033946525
2050,SK,gasPlant,none,costExpConv,2.3939832309580803e-5
2050,SK,wind_onshore < onshore_b,none,costExpConv,0.0
2050,SK,openspace < openspace_b,none,costExpConv,261.7839268858481
2050,SK,biomassPlant,none,costExpConv,3.0808291007777616e-5
2050,SK,rooftop < rooftop_b,none,costExpConv,0.0002618088916467671
2050,SK,rooftop < rooftop_a,none,costExpConv,0.00026180889164550486
2050,TR,wind_offshore < offshore_c,none,costExpConv,0.0
2050,TR,fermenter,none,costExpConv,18.401919589728795
2050,TR,electrolysis,none,costExpConv,1964.1558331965261
2050,TR,wind_offshore < offshore_a,none,costExpConv,0.0
2050,TR,wind_offshore < offshore_b,none,costExpConv,0.0
2050,TR,rooftop < rooftop_c,none,costExpConv,502.4121920161223
2050,TR,openspace < openspace_a,none,costExpConv,1446.22915218871
2050,TR,wind_onshore < onshore_a,none,costExpConv,3262.926837110477
2050,TR,methanation,none,costExpConv,107.25051202781238
2050,TR,ocgtHydrogen,none,costExpConv,543.0085400647793
2050,TR,gasPlant,none,costExpConv,4.0651679507358795e-5
2050,TR,wind_onshore < onshore_b,none,costExpConv,3262.926839169937
2050,TR,openspace < openspace_b,none,costExpConv,1446.229152182121
2050,TR,biomassPlant,none,costExpConv,3.5582488463982064e-5
2050,TR,rooftop < rooftop_b,none,costExpConv,4548.542321161155
2050,TR,rooftop < rooftop_a,none,costExpConv,2528.145851569753
2050,UK,wind_offshore < offshore_c,none,costExpConv,0.0
2050,UK,fermenter,none,costExpConv,35.828308464925485
2050,UK,electrolysis,none,costExpConv,1041.0660452031527
2050,UK,wind_offshore < offshore_a,none,costExpConv,2644.2136951788884
2050,UK,wind_offshore < offshore_b,none,costExpConv,0.0
2050,UK,rooftop < rooftop_c,none,costExpConv,6.953808966474472e-5
2050,UK,openspace < openspace_a,none,costExpConv,4895.548569259633
2050,UK,wind_onshore < onshore_a,none,costExpConv,4949.444957861068
2050,UK,methanation,none,costExpConv,2.0619382127177433e-6
2050,UK,ocgtHydrogen,none,costExpConv,752.4360937601859
2050,UK,gasPlant,none,costExpConv,3.355270470243783e-5
2050,UK,wind_onshore < onshore_b,none,costExpConv,668.3118887615603
2050,UK,openspace < openspace_b,none,costExpConv,5.10109826483452e-8
2050,UK,biomassPlant,none,costExpConv,3.348153324990447e-5
2050,UK,rooftop < rooftop_b,none,costExpConv,6.953808966472458e-5
2050,UK,rooftop < rooftop_a,none,costExpConv,6.95380896645271e-5
2050,none,none,electricity < electricity_central,costExpExc,5061.103500170578
2050,AT,wind_offshore < offshore_c,none,costOprConv,0.0
2050,AT,fermenter,none,costOprConv,0.9436678588150995
2050,AT,ror,none,costOprConv,354.16929999999996
2050,AT,electrolysis,none,costOprConv,162.95749361145573
2050,AT,wind_offshore < offshore_a,none,costOprConv,0.0
2050,AT,wind_offshore < offshore_b,none,costOprConv,0.0
2050,AT,rooftop < rooftop_c,none,costOprConv,0.00010866587637056567
2050,AT,openspace < openspace_a,none,costOprConv,199.1163123815185
2050,AT,wind_onshore < onshore_a,none,costOprConv,248.10677457297862
2050,AT,methanation,none,costOprConv,1.3305157246932116e-6
2050,AT,ocgtHydrogen,none,costOprConv,36.735732058014854
2050,AT,gasPlant,none,costOprConv,1.1536248655041508e-5
2050,AT,wind_onshore < onshore_b,none,costOprConv,0.0
2050,AT,openspace < openspace_b,none,costOprConv,199.116312377542
2050,AT,biomassPlant,none,costOprConv,5.320983345332491e-6
2050,AT,rooftop < rooftop_b,none,costOprConv,0.00010866587636948657
2050,AT,rooftop < rooftop_a,none,costOprConv,0.00010866587637028422
2050,BE,wind_offshore < offshore_c,none,costOprConv,0.0
2050,BE,fermenter,none,costOprConv,7.072364068153464
2050,BE,ror,none,costOprConv,5.3037
2050,BE,electrolysis,none,costOprConv,308.24324679206626
2050,BE,wind_offshore < offshore_a,none,costOprConv,118.44202898325055
2050,BE,wind_offshore < offshore_b,none,costOprConv,0.0
2050,BE,rooftop < rooftop_c,none,costOprConv,3.46101907106091e-5
2050,BE,openspace < openspace_a,none,costOprConv,410.77220225900845
2050,BE,wind_onshore < onshore_a,none,costOprConv,514.4637119083927
2050,BE,methanation,none,costOprConv,1.129334100421515e-6
2050,BE,ocgtHydrogen,none,costOprConv,19.103486070184864
2050,BE,gasPlant,none,costOprConv,1.6516857587435242e-5
2050,BE,wind_onshore < onshore_b,none,costOprConv,0.0
2050,BE,openspace < openspace_b,none,costOprConv,410.7722021543494
2050,BE,biomassPlant,none,costOprConv,5.868629193071993e-6
2050,BE,rooftop < rooftop_b,none,costOprConv,3.461019071047247e-5
2050,BE,rooftop < rooftop_a,none,costOprConv,3.4610190710409835e-5
2050,BG,wind_offshore < offshore_c,none,costOprConv,0.0
2050,BG,fermenter,none,costOprConv,2.3729583682757736
2050,BG,ror,none,costOprConv,133.7711
2050,BG,electrolysis,none,costOprConv,234.23245490494776
2050,BG,wind_offshore < offshore_a,none,costOprConv,0.0
2050,BG,wind_offshore < offshore_b,none,costOprConv,0.0
2050,BG,rooftop < rooftop_c,none,costOprConv,137.28538139319267
2050,BG,openspace < openspace_a,none,costOprConv,118.99431436095598
2050,BG,wind_onshore < onshore_a,none,costOprConv,2.943939395773325e-8
2050,BG,methanation,none,costOprConv,1.3265569662241823
2050,BG,ocgtHydrogen,none,costOprConv,51.76619283376526
2050,BG,gasPlant,none,costOprConv,1.4004802644254907e-5
2050,BG,wind_onshore < onshore_b,none,costOprConv,0.0
2050,BG,openspace < openspace_b,none,costOprConv,118.99431435862711
2050,BG,biomassPlant,none,costOprConv,5.568122351779395e-6
2050,BG,rooftop < rooftop_b,none,costOprConv,136.83105113933004
2050,BG,rooftop < rooftop_a,none,costOprConv,136.8077461513832
2050,CH,wind_offshore < offshore_c,none,costOprConv,0.0
2050,CH,fermenter,none,costOprConv,1.1299925185418982
2050,CH,ror,none,costOprConv,226.88050000000004
2050,CH,electrolysis,none,costOprConv,470.3449505768823
2050,CH,wind_offshore < offshore_a,none,costOprConv,0.0
2050,CH,wind_offshore < offshore_b,none,costOprConv,0.0
2050,CH,rooftop < rooftop_c,none,costOprConv,155.60015792631398
2050,CH,openspace < openspace_a,none,costOprConv,384.07835001155206
2050,CH,wind_onshore < onshore_a,none,costOprConv,0.0
2050,CH,methanation,none,costOprConv,5.2669042025888405e-6
2050,CH,ocgtHydrogen,none,costOprConv,66.08025188345563
2050,CH,gasPlant,none,costOprConv,1.2118877821990503e-5
2050,CH,wind_onshore < onshore_b,none,costOprConv,0.0
2050,CH,openspace < openspace_b,none,costOprConv,384.07835000919414
2050,CH,biomassPlant,none,costOprConv,5.515665339928469e-6
2050,CH,rooftop < rooftop_b,none,costOprConv,155.58179714013116
2050,CH,rooftop < rooftop_a,none,costOprConv,155.55811703229742
2050,CZ,wind_offshore < offshore_c,none,costOprConv,0.0
2050,CZ,fermenter,none,costOprConv,1.1558489818770756
2050,CZ,ror,none,costOprConv,12.9646
2050,CZ,electrolysis,none,costOprConv,136.1336528467815
2050,CZ,wind_offshore < offshore_a,none,costOprConv,0.0
2050,CZ,wind_offshore < offshore_b,none,costOprConv,0.0
2050,CZ,rooftop < rooftop_c,none,costOprConv,7.120611200805207e-5
2050,CZ,openspace < openspace_a,none,costOprConv,167.1000200521615
2050,CZ,wind_onshore < onshore_a,none,costOprConv,659.4647161139847
2050,CZ,methanation,none,costOprConv,8.10686347859501e-7
2050,CZ,ocgtHydrogen,none,costOprConv,33.884030955489635
2050,CZ,gasPlant,none,costOprConv,1.434414185565588e-5
2050,CZ,wind_onshore < onshore_b,none,costOprConv,0.0
2050,CZ,openspace < openspace_b,none,costOprConv,167.10002004673274
2050,CZ,biomassPlant,none,costOprConv,5.667481425150594e-6
2050,CZ,rooftop < rooftop_b,none,costOprConv,7.120611200162874e-5
2050,CZ,rooftop < rooftop_a,none,costOprConv,7.120611199932713e-5
2050,DE,wind_offshore < offshore_c,none,costOprConv,0.0
2050,DE,fermenter,none,costOprConv,38.1169687379777
2050,DE,electrolysis,none,costOprConv,5777.830558768585
2050,DE,wind_offshore < offshore_a,none,costOprConv,1268.0065215969312
2050,DE,wind_offshore < offshore_b,none,costOprConv,0.0
2050,DE,rooftop < rooftop_c,none,costOprConv,1614.0465907420294
2050,DE,openspace < openspace_a,none,costOprConv,2013.0712531179213
2050,DE,wind_onshore < onshore_a,none,costOprConv,5498.751619717317
2050,DE,methanation,none,costOprConv,2.3018580055626954e-6
2050,DE,ocgtHydrogen,none,costOprConv,221.95215701934882
2050,DE,gasPlant,none,costOprConv,1.2718096593411002e-5
2050,DE,wind_onshore < onshore_b,none,costOprConv,5150.048380015036
2050,DE,openspace < openspace_b,none,costOprConv,1407.7728564904799
2050,DE,biomassPlant,none,costOprConv,5.415413800564355e-6
2050,DE,rooftop < rooftop_b,none,costOprConv,1904.0306963025796
2050,DE,rooftop < rooftop_a,none,costOprConv,2855.593536825592
2050,DK,wind_offshore < offshore_c,none,costOprConv,0.0
2050,DK,fermenter,none,costOprConv,0.26740233722762324
2050,DK,electrolysis,none,costOprConv,0.00016727545464838362
2050,DK,wind_offshore < offshore_a,none,costOprConv,156.9356884356302
2050,DK,wind_offshore < offshore_b,none,costOprConv,0.0
2050,DK,rooftop < rooftop_c,none,costOprConv,5.0553153635401795
2050,DK,openspace < openspace_a,none,costOprConv,36.901689092578756
2050,DK,wind_onshore < onshore_a,none,costOprConv,499.644263689947
2050,DK,methanation,none,costOprConv,9.487656063011071e-7
2050,DK,ocgtHydrogen,none,costOprConv,37.33503244433032
2050,DK,gasPlant,none,costOprConv,1.682829689468995e-5
2050,DK,wind_onshore < onshore_b,none,costOprConv,1.1501578811903234e-8
2050,DK,openspace < openspace_b,none,costOprConv,36.90168909004594
2050,DK,biomassPlant,none,costOprConv,6.054148200916081e-6
2050,DK,rooftop < rooftop_b,none,costOprConv,5.055314817352702
2050,DK,rooftop < rooftop_a,none,costOprConv,5.055313653068989
2050,EE,wind_offshore < offshore_c,none,costOprConv,0.0
2050,EE,fermenter,none,costOprConv,0.04530275763582835
2050,EE,electrolysis,none,costOprConv,5.601306624539497
2050,EE,wind_offshore < offshore_a,none,costOprConv,17.766304367088146
2050,EE,wind_offshore < offshore_b,none,costOprConv,0.0
2050,EE,rooftop < rooftop_c,none,costOprConv,7.2409143154989195
2050,EE,openspace < openspace_a,none,costOprConv,6.83324659727631
2050,EE,wind_onshore < onshore_a,none,costOprConv,72.84011219465025
2050,EE,methanation,none,costOprConv,5.215040754045046e-7
2050,EE,ocgtHydrogen,none,costOprConv,10.10815391982905
2050,EE,gasPlant,none,costOprConv,0.00013907560118222586
2050,EE,wind_onshore < onshore_b,none,costOprConv,0.0
2050,EE,openspace < openspace_b,none,costOprConv,6.833246594891901
2050,EE,biomassPlant,none,costOprConv,6.905814145633381e-6
2050,EE,rooftop < rooftop_b,none,costOprConv,7.240912938095937
2050,EE,rooftop < rooftop_a,none,costOprConv,7.240910760179463
2050,ES,wind_offshore < offshore_c,none,costOprConv,0.0
2050,ES,fermenter,none,costOprConv,8.373853104277462
2050,ES,ror,none,costOprConv,803.2159
2050,ES,electrolysis,none,costOprConv,1145.3993070659003
2050,ES,wind_offshore < offshore_a,none,costOprConv,0.2961050862805563
2050,ES,wind_offshore < offshore_b,none,costOprConv,0.0
2050,ES,rooftop < rooftop_c,none,costOprConv,859.9300694862828
2050,ES,openspace < openspace_a,none,costOprConv,914.3297043769554
2050,ES,wind_onshore < onshore_a,none,costOprConv,852.404790861357
2050,ES,methanation,none,costOprConv,87.63320685519967
2050,ES,ocgtHydrogen,none,costOprConv,134.06717255251874
2050,ES,gasPlant,none,costOprConv,4.6358006325277296e-5
2050,ES,wind_onshore < onshore_b,none,costOprConv,0.0
2050,ES,openspace < openspace_b,none,costOprConv,914.3297043746406
2050,ES,biomassPlant,none,costOprConv,6.863630990259512e-6
2050,ES,rooftop < rooftop_b,none,costOprConv,859.9599909607789
2050,ES,rooftop < rooftop_a,none,costOprConv,859.9734464326448
2050,FI,wind_offshore < offshore_c,none,costOprConv,0.0
2050,FI,fermenter,none,costOprConv,37.09072910861517
2050,FI,ror,none,costOprConv,153.21800000000002
2050,FI,electrolysis,none,costOprConv,9.842048549731349
2050,FI,wind_offshore < offshore_a,none,costOprConv,22.207880423495652
2050,FI,wind_offshore < offshore_b,none,costOprConv,0.0
2050,FI,rooftop < rooftop_c,none,costOprConv,2.966920403165894e-5
2050,FI,openspace < openspace_a,none,costOprConv,132.59770423026248
2050,FI,wind_onshore < onshore_a,none,costOprConv,1020.4335913085007
2050,FI,methanation,none,costOprConv,5.038698563717306e-6
2050,FI,ocgtHydrogen,none,costOprConv,1.158776127574356
2050,FI,gasPlant,none,costOprConv,151.857086962405
2050,FI,wind_onshore < onshore_b,none,costOprConv,1.026117327468318e-6
2050,FI,openspace < openspace_b,none,costOprConv,87.25370656613315
2050,FI,biomassPlant,none,costOprConv,7.71552093947655e-6
2050,FI,rooftop < rooftop_b,none,costOprConv,2.9669204031575967e-5
2050,FI,rooftop < rooftop_a,none,costOprConv,2.9669204031686562e-5
2050,FR,wind_offshore < offshore_c,none,costOprConv,0.0
2050,FR,fermenter,none,costOprConv,16.84115137450796
2050,FR,ror,none,costOprConv,608.7469
2050,FR,electrolysis,none,costOprConv,911.0358322740948
2050,FR,wind_offshore < offshore_a,none,costOprConv,177.6630435213302
2050,FR,wind_offshore < offshore_b,none,costOprConv,0.0
2050,FR,rooftop < rooftop_c,none,costOprConv,0.00020254357498368988
2050,FR,openspace < openspace_a,none,costOprConv,982.6136491988428
2050,FR,wind_onshore < onshore_a,none,costOprConv,6885.213818160678
2050,FR,methanation,none,costOprConv,1.4649382679783846e-6
2050,FR,ocgtHydrogen,none,costOprConv,340.6698916999577
2050,FR,gasPlant,none,costOprConv,1.586655321089204e-5
2050,FR,wind_onshore < onshore_b,none,costOprConv,0.0
2050,FR,openspace < openspace_b,none,costOprConv,982.6136491932544
2050,FR,biomassPlant,none,costOprConv,5.7870076186785845e-6
2050,FR,rooftop < rooftop_b,none,costOprConv,0.00020254357486892204
2050,FR,rooftop < rooftop_a,none,costOprConv,0.0002025435751375976
2050,GR,wind_offshore < offshore_c,none,costOprConv,0.0
2050,GR,fermenter,none,costOprConv,0.19110583239881657
2050,GR,ror,none,costOprConv,13.553899999999999
2050,GR,electrolysis,none,costOprConv,108.74651010745595
2050,GR,wind_offshore < offshore_a,none,costOprConv,0.0
2050,GR,wind_offshore < offshore_b,none,costOprConv,0.0
2050,GR,rooftop < rooftop_c,none,costOprConv,129.94370707723857
2050,GR,openspace < openspace_a,none,costOprConv,254.08976018055495
2050,GR,wind_onshore < onshore_a,none,costOprConv,276.3531422128758
2050,GR,methanation,none,costOprConv,1.9999145330493886
2050,GR,ocgtHydrogen,none,costOprConv,6.582788019452438
2050,GR,gasPlant,none,costOprConv,1.282563821517898e-5
2050,GR,wind_onshore < onshore_b,none,costOprConv,0.0
2050,GR,openspace < openspace_b,none,costOprConv,254.08976017822306
2050,GR,biomassPlant,none,costOprConv,5.745876143295164e-6
2050,GR,rooftop < rooftop_b,none,costOprConv,129.94270994561276
2050,GR,rooftop < rooftop_a,none,costOprConv,130.20821779956398
2050,HR,wind_offshore < offshore_c,none,costOprConv,0.0
2050,HR,fermenter,none,costOprConv,0.4715335199875682
2050,HR,ror,none,costOprConv,108.43119999999999
2050,HR,electrolysis,none,costOprConv,99.66887282979506
2050,HR,wind_offshore < offshore_a,none,costOprConv,0.0
2050,HR,wind_offshore < offshore_b,none,costOprConv,0.0
2050,HR,rooftop < rooftop_c,none,costOprConv,9.9738440754927e-5
2050,HR,openspace < openspace_a,none,costOprConv,110.58832062380466
2050,HR,wind_onshore < onshore_a,none,costOprConv,0.0
2050,HR,methanation,none,costOprConv,1.9828833409862367e-6
2050,HR,ocgtHydrogen,none,costOprConv,10.524479481959549
2050,HR,gasPlant,none,costOprConv,1.149439447704075e-5
2050,HR,wind_onshore < onshore_b,none,costOprConv,0.0
2050,HR,openspace < openspace_b,none,costOprConv,110.58832061899241
2050,HR,biomassPlant,none,costOprConv,5.329674611947563e-6
2050,HR,rooftop < rooftop_b,none,costOprConv,9.97384407559336e-5
2050,HR,rooftop < rooftop_a,none,costOprConv,9.973844075656368e-5
2050,HU,wind_offshore < offshore_c,none,costOprConv,0.0
2050,HU,fermenter,none,costOprConv,2.5373167948728477
2050,HU,ror,none,costOprConv,2.9465000000000003
2050,HU,electrolysis,none,costOprConv,182.0713087442317
2050,HU,wind_offshore < offshore_a,none,costOprConv,0.0
2050,HU,wind_offshore < offshore_b,none,costOprConv,0.0
2050,HU,rooftop < rooftop_c,none,costOprConv,7.446818209119662e-5
2050,HU,openspace < openspace_a,none,costOprConv,153.18545892397037
2050,HU,wind_onshore < onshore_a,none,costOprConv,350.5716454034285
2050,HU,methanation,none,costOprConv,1.5485812604037021e-6
2050,HU,ocgtHydrogen,none,costOprConv,71.18795666206708
2050,HU,gasPlant,none,costOprConv,1.1160056397586967e-5
2050,HU,wind_onshore < onshore_b,none,costOprConv,0.0
2050,HU,openspace < openspace_b,none,costOprConv,153.18545891857607
2050,HU,biomassPlant,none,costOprConv,5.286934380617841e-6
2050,HU,rooftop < rooftop_b,none,costOprConv,7.446818209125387e-5
2050,HU,rooftop < rooftop_a,none,costOprConv,7.446818209114416e-5
2050,IE,wind_offshore < offshore_c,none,costOprConv,0.0
2050,IE,fermenter,none,costOprConv,0.2939248855719655
2050,IE,ror,none,costOprConv,8.250200000000001
2050,IE,electrolysis,none,costOprConv,177.65329300795852
2050,IE,wind_offshore < offshore_a,none,costOprConv,103.63677538366014
2050,IE,wind_offshore < offshore_b,none,costOprConv,0.0
2050,IE,rooftop < rooftop_c,none,costOprConv,2.1472250536622234e-5
2050,IE,openspace < openspace_a,none,costOprConv,403.5701257015125
2050,IE,wind_onshore < onshore_a,none,costOprConv,1058.5167949151005
2050,IE,methanation,none,costOprConv,3.0759376835270573
2050,IE,ocgtHydrogen,none,costOprConv,7.772500228679929
2050,IE,gasPlant,none,costOprConv,1.548494466999828e-5
2050,IE,wind_onshore < onshore_b,none,costOprConv,0.0
2050,IE,openspace < openspace_b,none,costOprConv,0.0
2050,IE,biomassPlant,none,costOprConv,5.897152806538019e-6
2050,IE,rooftop < rooftop_b,none,costOprConv,2.147225053659554e-5
2050,IE,rooftop < rooftop_a,none,costOprConv,2.1472250536518883e-5
2050,IT,wind_offshore < offshore_c,none,costOprConv,0.0
2050,IT,fermenter,none,costOprConv,16.528037302290922
2050,IT,ror,none,costOprConv,434.3141
2050,IT,electrolysis,none,costOprConv,1951.889813057802
2050,IT,wind_offshore < offshore_a,none,costOprConv,26.64945652598879
2050,IT,wind_offshore < offshore_b,none,costOprConv,0.0
2050,IT,rooftop < rooftop_c,none,costOprConv,717.9666264513261
2050,IT,openspace < openspace_a,none,costOprConv,924.7747706889543
2050,IT,wind_onshore < onshore_a,none,costOprConv,8.114458742988116e-8
2050,IT,methanation,none,costOprConv,2.6344229779801327e-6
2050,IT,ocgtHydrogen,none,costOprConv,187.21963129042632
2050,IT,gasPlant,none,costOprConv,1.0573876833997196e-5
2050,IT,wind_onshore < onshore_b,none,costOprConv,0.0
2050,IT,openspace < openspace_b,none,costOprConv,924.7747706868753
2050,IT,biomassPlant,none,costOprConv,5.167270688678112e-6
2050,IT,rooftop < rooftop_b,none,costOprConv,717.9825885758656
2050,IT,rooftop < rooftop_a,none,costOprConv,717.9730915321855
2050,LT,wind_offshore < offshore_c,none,costOprConv,0.0
2050,LT,fermenter,none,costOprConv,0.059396198157902286
2050,LT,ror,none,costOprConv,7.6609
2050,LT,electrolysis,none,costOprConv,3.9117959376248708
2050,LT,wind_offshore < offshore_a,none,costOprConv,8.883152160604775
2050,LT,wind_offshore < offshore_b,none,costOprConv,0.0
2050,LT,rooftop < rooftop_c,none,costOprConv,5.817091037708248
2050,LT,openspace < openspace_a,none,costOprConv,21.179719008198507
2050,LT,wind_onshore < onshore_a,none,costOprConv,105.00752457661284
2050,LT,methanation,none,costOprConv,5.367068368961401e-7
2050,LT,ocgtHydrogen,none,costOprConv,0.7421465888138875
2050,LT,gasPlant,none,costOprConv,3.0330827593454873e-5
2050,LT,wind_onshore < onshore_b,none,costOprConv,1.1547238986388709e-8
2050,LT,openspace < openspace_b,none,costOprConv,21.179719005798137
2050,LT,biomassPlant,none,costOprConv,6.500298681212702e-6
2050,LT,rooftop < rooftop_b,none,costOprConv,5.817185613468665
2050,LT,rooftop < rooftop_a,none,costOprConv,5.8171822796659205
2050,LU,wind_offshore < offshore_c,none,costOprConv,0.0
2050,LU,fermenter,none,costOprConv,0.17950780052866866
2050,LU,ror,none,costOprConv,2.3572
2050,LU,electrolysis,none,costOprConv,2.8012891431590656
2050,LU,wind_offshore < offshore_a,none,costOprConv,0.0
2050,LU,wind_offshore < offshore_b,none,costOprConv,0.0
2050,LU,rooftop < rooftop_c,none,costOprConv,4.3444606986206184e-5
2050,LU,openspace < openspace_a,none,costOprConv,16.582282659215835
2050,LU,wind_onshore < onshore_a,none,costOprConv,25.28645117508812
2050,LU,methanation,none,costOprConv,1.4626399416026535e-6
2050,LU,ocgtHydrogen,none,costOprConv,3.473605711499233e-5
2050,LU,gasPlant,none,costOprConv,1.3283026842306892e-5
2050,LU,wind_onshore < onshore_b,none,costOprConv,0.0
2050,LU,openspace < openspace_b,none,costOprConv,16.58228264718892
2050,LU,biomassPlant,none,costOprConv,5.669379412304855e-6
2050,LU,rooftop < rooftop_b,none,costOprConv,4.344460698547301e-5
2050,LU,rooftop < rooftop_a,none,costOprConv,4.344460698574484e-5
2050,LV,wind_offshore < offshore_c,none,costOprConv,0.0
2050,LV,fermenter,none,costOprConv,0.09625177469847143
2050,LV,ror,none,costOprConv,90.7522
2050,LV,electrolysis,none,costOprConv,33.37487635751579
2050,LV,wind_offshore < offshore_a,none,costOprConv,14.80525364716442
2050,LV,wind_offshore < offshore_b,none,costOprConv,0.0
2050,LV,rooftop < rooftop_c,none,costOprConv,0.2864486692080861
2050,LV,openspace < openspace_a,none,costOprConv,22.519864645118176
2050,LV,wind_onshore < onshore_a,none,costOprConv,104.0234816564718
2050,LV,methanation,none,costOprConv,5.12622930318674e-7
2050,LV,ocgtHydrogen,none,costOprConv,18.922958272849616
2050,LV,gasPlant,none,costOprConv,5.3377749338612754e-5
2050,LV,wind_onshore < onshore_b,none,costOprConv,0.0
2050,LV,openspace < openspace_b,none,costOprConv,22.51986464271203
2050,LV,biomassPlant,none,costOprConv,6.653898678935156e-6
2050,LV,rooftop < rooftop_b,none,costOprConv,0.2864486684954209
2050,LV,rooftop < rooftop_a,none,costOprConv,0.2864486684599858
2050,NL,wind_offshore < offshore_c,none,costOprConv,0.0
2050,NL,fermenter,none,costOprConv,8.089913884725373
2050,NL,ror,none,costOprConv,2.3572
2050,NL,electrolysis,none,costOprConv,518.2679254625036
2050,NL,wind_offshore < offshore_a,none,costOprConv,532.9891305163965
2050,NL,wind_offshore < offshore_b,none,costOprConv,0.0
2050,NL,rooftop < rooftop_c,none,costOprConv,3.7675196687778946e-5
2050,NL,openspace < openspace_a,none,costOprConv,517.7676922442363
2050,NL,wind_onshore < onshore_a,none,costOprConv,655.8381426432047
2050,NL,methanation,none,costOprConv,9.902774191031326e-7
2050,NL,ocgtHydrogen,none,costOprConv,130.5924909316032
2050,NL,gasPlant,none,costOprConv,1.4175398315257394e-5
2050,NL,wind_onshore < onshore_b,none,costOprConv,0.0
2050,NL,openspace < openspace_b,none,costOprConv,517.7676922201821
2050,NL,biomassPlant,none,costOprConv,5.634843671270518e-6
2050,NL,rooftop < rooftop_b,none,costOprConv,3.7675196687786095e-5
2050,NL,rooftop < rooftop_a,none,costOprConv,3.767519668778409e-5
2050,NO,wind_offshore < offshore_c,none,costOprConv,0.0
2050,NO,fermenter,none,costOprConv,0.4235542071571318
2050,NO,ror,none,costOprConv,371.259
2050,NO,electrolysis,none,costOprConv,26.35259960480523
2050,NO,wind_offshore < offshore_a,none,costOprConv,0.0
2050,NO,wind_offshore < offshore_b,none,costOprConv,0.0
2050,NO,rooftop < rooftop_c,none,costOprConv,8.707433209331644e-5
2050,NO,openspace < openspace_a,none,costOprConv,90.43428957985414
2050,NO,wind_onshore < onshore_a,none,costOprConv,742.0453482021879
2050,NO,methanation,none,costOprConv,1.0107624087447937e-6
2050,NO,ocgtHydrogen,none,costOprConv,13.549491580323581
2050,NO,gasPlant,none,costOprConv,1.4227492898813844e-5
2050,NO,wind_onshore < onshore_b,none,costOprConv,1.3098867256345787e-8
2050,NO,openspace < openspace_b,none,costOprConv,90.43428957220743
2050,NO,biomassPlant,none,costOprConv,5.9475620141379496e-6
2050,NO,rooftop < rooftop_b,none,costOprConv,8.707433209420804e-5
2050,NO,rooftop < rooftop_a,none,costOprConv,8.707433209215414e-5
2050,NONEU_Balkan,wind_offshore < offshore_c,none,costOprConv,0.0
2050,NONEU_Balkan,fermenter,none,costOprConv,3.335817923048129
2050,NONEU_Balkan,ror,none,costOprConv,213.32660000000004
2050,NONEU_Balkan,electrolysis,none,costOprConv,635.9138959908952
2050,NONEU_Balkan,wind_offshore < offshore_a,none,costOprConv,0.0
2050,NONEU_Balkan,wind_offshore < offshore_b,none,costOprConv,0.0
2050,NONEU_Balkan,rooftop < rooftop_c,none,costOprConv,0.011316964716472245
2050,NONEU_Balkan,openspace < openspace_a,none,costOprConv,394.6443574661146
2050,NONEU_Balkan,wind_onshore < onshore_a,none,costOprConv,662.8057445640177
2050,NONEU_Balkan,methanation,none,costOprConv,5.667846787261681e-6
2050,NONEU_Balkan,ocgtHydrogen,none,costOprConv,28.565807574823694
2050,NONEU_Balkan,gasPlant,none,costOprConv,1.216542411200457e-5
2050,NONEU_Balkan,wind_onshore < onshore_b,none,costOprConv,662.805750996
2050,NONEU_Balkan,openspace < openspace_b,none,costOprConv,394.6443574637192
2050,NONEU_Balkan,biomassPlant,none,costOprConv,5.194542364387649e-6
2050,NONEU_Balkan,rooftop < rooftop_b,none,costOprConv,0.011316964086749206
2050,NONEU_Balkan,rooftop < rooftop_a,none,costOprConv,0.011316964079530558
2050,PL,wind_offshore < offshore_c,none,costOprConv,0.0
2050,PL,fermenter,none,costOprConv,3.805313113652531
2050,PL,ror,none,costOprConv,50.09049999999999
2050,PL,electrolysis,none,costOprConv,418.4187131710846
2050,PL,wind_offshore < offshore_a,none,costOprConv,148.052536229177
2050,PL,wind_offshore < offshore_b,none,costOprConv,0.0
2050,PL,rooftop < rooftop_c,none,costOprConv,5.662113566377155e-5
2050,PL,openspace < openspace_a,none,costOprConv,464.2680309554622
2050,PL,wind_onshore < onshore_a,none,costOprConv,1885.236964359574
2050,PL,methanation,none,costOprConv,7.069572972096545e-7
2050,PL,ocgtHydrogen,none,costOprConv,90.7604243852195
2050,PL,gasPlant,none,costOprConv,1.7424227315003234e-5
2050,PL,wind_onshore < onshore_b,none,costOprConv,0.0
2050,PL,openspace < openspace_b,none,costOprConv,464.2680309485602
2050,PL,biomassPlant,none,costOprConv,5.966633667958405e-6
2050,PL,rooftop < rooftop_b,none,costOprConv,5.662113566668074e-5
2050,PL,rooftop < rooftop_a,none,costOprConv,5.662113566953589e-5
2050,PT,wind_offshore < offshore_c,none,costOprConv,0.0
2050,PT,fermenter,none,costOprConv,3.333495223407946
2050,PT,ror,none,costOprConv,385.9915
2050,PT,electrolysis,none,costOprConv,105.63924651491885
2050,PT,wind_offshore < offshore_a,none,costOprConv,0.0
2050,PT,wind_offshore < offshore_b,none,costOprConv,0.0
2050,PT,rooftop < rooftop_c,none,costOprConv,55.31190776411186
2050,PT,openspace < openspace_a,none,costOprConv,136.87383604315391
2050,PT,wind_onshore < onshore_a,none,costOprConv,156.2479983494463
2050,PT,methanation,none,costOprConv,6.94101611676587
2050,PT,ocgtHydrogen,none,costOprConv,16.649147682021315
2050,PT,gasPlant,none,costOprConv,11.252403227262574
2050,PT,wind_onshore < onshore_b,none,costOprConv,1.729278634533351e-8
2050,PT,openspace < openspace_b,none,costOprConv,136.873836040812
2050,PT,biomassPlant,none,costOprConv,7.277782491380571e-6
2050,PT,rooftop < rooftop_b,none,costOprConv,55.311667409737865
2050,PT,rooftop < rooftop_a,none,costOprConv,55.309512581862386
2050,RO,wind_offshore < offshore_c,none,costOprConv,0.0
2050,RO,fermenter,none,costOprConv,8.677196641971051
2050,RO,ror,none,costOprConv,368.31250000000006
2050,RO,electrolysis,none,costOprConv,448.55518111977324
2050,RO,wind_offshore < offshore_a,none,costOprConv,0.0
2050,RO,wind_offshore < offshore_b,none,costOprConv,0.0
2050,RO,rooftop < rooftop_c,none,costOprConv,0.00020512591562826495
2050,RO,openspace < openspace_a,none,costOprConv,351.68747539303087
2050,RO,wind_onshore < onshore_a,none,costOprConv,499.1294912754074
2050,RO,methanation,none,costOprConv,1.9156916997036042e-6
2050,RO,ocgtHydrogen,none,costOprConv,77.36883078095659
2050,RO,gasPlant,none,costOprConv,1.3078780602444097e-5
2050,RO,wind_onshore < onshore_b,none,costOprConv,0.0
2050,RO,openspace < openspace_b,none,costOprConv,351.6874753900119
2050,RO,biomassPlant,none,costOprConv,5.455508544743652e-6
2050,RO,rooftop < rooftop_b,none,costOprConv,0.00020512591566612605
2050,RO,rooftop < rooftop_a,none,costOprConv,0.00020512658158762813
2050,SE,wind_offshore < offshore_c,none,costOprConv,0.0
2050,SE,fermenter,none,costOprConv,1.061176231116785
2050,SE,ror,none,costOprConv,661.1946
2050,SE,electrolysis,none,costOprConv,13.841731722677055
2050,SE,wind_offshore < offshore_a,none,costOprConv,65.14311593182758
2050,SE,wind_offshore < offshore_b,none,costOprConv,4.0950255525028315e-8
2050,SE,rooftop < rooftop_c,none,costOprConv,7.365793090204343e-5
2050,SE,openspace < openspace_a,none,costOprConv,72.72708231282422
2050,SE,wind_onshore < onshore_a,none,costOprConv,1108.616566778105
2050,SE,methanation,none,costOprConv,8.611927602184976e-7
2050,SE,ocgtHydrogen,none,costOprConv,29.215075313479865
2050,SE,gasPlant,none,costOprConv,3.654198063486715e-5
2050,SE,wind_onshore < onshore_b,none,costOprConv,7.435140706792623e-6
2050,SE,openspace < openspace_b,none,costOprConv,72.72708230792949
2050,SE,biomassPlant,none,costOprConv,6.845989390433048e-6
2050,SE,rooftop < rooftop_b,none,costOprConv,7.365793090200711e-5
2050,SE,rooftop < rooftop_a,none,costOprConv,7.365793090149969e-5
2050,SI,wind_offshore < offshore_c,none,costOprConv,0.0
2050,SI,fermenter,none,costOprConv,0.32156290477229155
2050,SI,ror,none,costOprConv,60.1086
2050,SI,electrolysis,none,costOprConv,4.389229824418408
2050,SI,wind_offshore < offshore_a,none,costOprConv,0.0
2050,SI,wind_offshore < offshore_b,none,costOprConv,0.0
2050,SI,rooftop < rooftop_c,none,costOprConv,8.380269938677664e-5
2050,SI,openspace < openspace_a,none,costOprConv,32.25050138710645
2050,SI,wind_onshore < onshore_a,none,costOprConv,3.158378523268071e-8
2050,SI,methanation,none,costOprConv,1.2032069183041726e-6
2050,SI,ocgtHydrogen,none,costOprConv,0.42680346959284465
2050,SI,gasPlant,none,costOprConv,1.2637943034322873e-5
2050,SI,wind_onshore < onshore_b,none,costOprConv,0.0
2050,SI,openspace < openspace_b,none,costOprConv,32.25050138227032
2050,SI,biomassPlant,none,costOprConv,5.50936421019522e-6
2050,SI,rooftop < rooftop_b,none,costOprConv,8.38026993866472e-5
2050,SI,rooftop < rooftop_a,none,costOprConv,8.380269938749291e-5
2050,SK,wind_offshore < offshore_c,none,costOprConv,0.0
2050,SK,fermenter,none,costOprConv,7.844220577966529
2050,SK,ror,none,costOprConv,91.3415
2050,SK,electrolysis,none,costOprConv,78.10551305474068
2050,SK,wind_offshore < offshore_a,none,costOprConv,0.0
2050,SK,wind_offshore < offshore_b,none,costOprConv,0.0
2050,SK,rooftop < rooftop_c,none,costOprConv,0.00010222829000944972
2050,SK,openspace < openspace_a,none,costOprConv,102.21854204490106
2050,SK,wind_onshore < onshore_a,none,costOprConv,0.0
2050,SK,methanation,none,costOprConv,9.912771150585226e-7
2050,SK,ocgtHydrogen,none,costOprConv,38.246172064717705
2050,SK,gasPlant,none,costOprConv,1.3369207178579944e-5
2050,SK,wind_onshore < onshore_b,none,costOprConv,0.0
2050,SK,openspace < openspace_b,none,costOprConv,102.2185420408058
2050,SK,biomassPlant,none,costOprConv,5.56755404959151e-6
2050,SK,rooftop < rooftop_b,none,costOprConv,0.00010222829000926928
2050,SK,rooftop < rooftop_a,none,costOprConv,0.00010222829000877642
2050,TR,wind_offshore < offshore_c,none,costOprConv,0.0
2050,TR,fermenter,none,costOprConv,5.746172275035425
2050,TR,ror,none,costOprConv,400.72399999999993
2050,TR,electrolysis,none,costOprConv,1536.4973221916457
2050,TR,wind_offshore < offshore_a,none,costOprConv,0.0
2050,TR,wind_offshore < offshore_b,none,costOprConv,0.0
2050,TR,rooftop < rooftop_c,none,costOprConv,196.17645125251445
2050,TR,openspace < openspace_a,none,costOprConv,564.7078380717509
2050,TR,wind_onshore < onshore_a,none,costOprConv,1911.108302424667
2050,TR,methanation,none,costOprConv,60.13430300161414
2050,TR,ocgtHydrogen,none,costOprConv,217.05159482716542
2050,TR,gasPlant,none,costOprConv,2.270194370883749e-5
2050,TR,wind_onshore < onshore_b,none,costOprConv,1911.1083036308996
2050,TR,openspace < openspace_b,none,costOprConv,564.707838069178
2050,TR,biomassPlant,none,costOprConv,6.430328371417094e-6
2050,TR,rooftop < rooftop_b,none,costOprConv,1776.0653605090781
2050,TR,rooftop < rooftop_a,none,costOprConv,987.1629098399845
2050,UK,wind_offshore < offshore_c,none,costOprConv,0.0
2050,UK,fermenter,none,costOprConv,11.187725919500446
2050,UK,ror,none,costOprConv,55.39419999999999
2050,UK,electrolysis,none,costOprConv,814.3932185238386
2050,UK,wind_offshore < offshore_a,none,costOprConv,1184.4202898286223
2050,UK,wind_offshore < offshore_b,none,costOprConv,0.0
2050,UK,rooftop < rooftop_c,none,costOprConv,2.7152477336519354e-5
2050,UK,openspace < openspace_a,none,costOprConv,1911.5605881253387
2050,UK,wind_onshore < onshore_a,none,costOprConv,2898.9081960963163
2050,UK,methanation,none,costOprConv,1.1561083943545311e-6
2050,UK,ocgtHydrogen,none,costOprConv,300.764061899814
2050,UK,gasPlant,none,costOprConv,1.87375189085633e-5
2050,UK,wind_onshore < onshore_b,none,costOprConv,391.4327421304923
2050,UK,openspace < openspace_b,none,costOprConv,1.991821398819642e-8
2050,UK,biomassPlant,none,costOprConv,6.050651949015245e-6
2050,UK,rooftop < rooftop_b,none,costOprConv,2.715247733651149e-5
2050,UK,rooftop < rooftop_a,none,costOprConv,2.7152477336434384e-5
2050,AT,caes,none,costExpStIn,0.0001007865042120669
2050,AT,battery < grid,none,costExpStIn,0.0007858692341464193
2050,BE,caes,none,costExpStIn,9.295670570941542e-5
2050,BE,battery < grid,none,costExpStIn,103.91575895301656
2050,BG,caes,none,costExpStIn,9.505254390290077e-5
2050,BG,battery < grid,none,costExpStIn,95.69448967603705
2050,CH,caes,none,costExpStIn,0.00010019066848806766
2050,CH,battery < grid,none,costExpStIn,228.89648221143776
2050,CZ,caes,none,costExpStIn,9.198626780028303e-5
2050,CZ,battery < grid,none,costExpStIn,7.031291230517635
2050,DE,caes,none,costExpStIn,6.477083935096581e-5
2050,DE,battery < grid,none,costExpStIn,1161.6988519759657
2050,DK,caes,none,costExpStIn,9.237185190069198e-5
2050,DK,battery < grid,none,costExpStIn,4.109714127924324e-5
2050,EE,caes,none,costExpStIn,9.814043954378762e-5
2050,EE,battery < grid,none,costExpStIn,0.00023890888703172314
2050,ES,caes,none,costExpStIn,0.00010693203771027883
2050,ES,battery < grid,none,costExpStIn,846.3383395349986
2050,FI,caes,none,costExpStIn,9.753265458924372e-5
2050,FI,battery < grid,none,costExpStIn,26.725426334874246
2050,FR,caes,none,costExpStIn,9.697994939493267e-5
2050,FR,battery < grid,none,costExpStIn,119.24619013905225
2050,GR,caes,none,costExpStIn,0.00010550813608154948
2050,GR,battery < grid,none,costExpStIn,240.2210272162588
2050,HR,caes,none,costExpStIn,9.570676339119341e-5
2050,HR,battery < grid,none,costExpStIn,37.61141241151193
2050,HU,caes,none,costExpStIn,9.6428717103033e-5
2050,HU,battery < grid,none,costExpStIn,18.864627079102615
2050,IE,caes,none,costExpStIn,0.0001009688257086295
2050,IE,battery < grid,none,costExpStIn,78.94099101625751
2050,IT,caes,none,costExpStIn,9.446971397322694e-5
2050,IT,battery < grid,none,costExpStIn,433.8320593548761
2050,LT,caes,none,costExpStIn,9.491520955568899e-5
2050,LT,battery < grid,none,costExpStIn,8.775995511671778e-5
2050,LU,caes,none,costExpStIn,9.367038439303328e-5
2050,LU,battery < grid,none,costExpStIn,0.0006463227676063747
2050,LV,caes,none,costExpStIn,9.403368407203178e-5
2050,LV,battery < grid,none,costExpStIn,0.00021404857198221625
2050,NL,caes,none,costExpStIn,0.00010139779175996924
2050,NL,battery < grid,none,costExpStIn,105.62247864279666
2050,NO,caes,none,costExpStIn,8.054924634119072e-5
2050,NO,battery < grid,none,costExpStIn,3.954983930946639e-5
2050,NONEU_Balkan,caes,none,costExpStIn,0.00010412085986490953
2050,NONEU_Balkan,battery < grid,none,costExpStIn,148.90722849518383
2050,PL,caes,none,costExpStIn,9.953944950395173e-5
2050,PL,battery < grid,none,costExpStIn,74.75582659487466
2050,PT,caes,none,costExpStIn,0.00010865614959688097
2050,PT,battery < grid,none,costExpStIn,51.63368653760717
2050,RO,caes,none,costExpStIn,9.796826695331493e-5
2050,RO,battery < grid,none,costExpStIn,148.30741396516933
2050,SE,caes,none,costExpStIn,8.942791285114684e-5
2050,SE,battery < grid,none,costExpStIn,4.131833498984505e-5
2050,SI,caes,none,costExpStIn,9.337370179038834e-5
2050,SI,battery < grid,none,costExpStIn,13.423368104631273
2050,SK,caes,none,costExpStIn,9.85833227523642e-5
2050,SK,battery < grid,none,costExpStIn,12.8811662239778
2050,TR,caes,none,costExpStIn,9.955047427066126e-5
2050,TR,battery < grid,none,costExpStIn,712.4554557457332
2050,UK,caes,none,costExpStIn,9.765887719440016e-5
2050,UK,battery < grid,none,costExpStIn,164.21598508166954
2050,none,none,electricity < electricity_central,costOprExc,4075.3166784562027
2050,none,none,gas < hydrogen,costOprExc,2067.9576794519994
2050,AT,methanation,none,costVarGen,2.962337732934217e-9
2050,BE,methanation,none,costVarGen,1.7959688091579242e-9
2050,BG,methanation,none,costVarGen,0.09112329005938814
2050,CH,methanation,none,costVarGen,3.282586135677425e-7
2050,CZ,methanation,none,costVarGen,1.805185377708491e-9
2050,DE,methanation,none,costVarGen,1.4642270744345455e-9
2050,DK,methanation,none,costVarGen,1.0982494162964644e-7
2050,EE,methanation,none,costVarGen,3.1531868003697524e-9
2050,ES,methanation,none,costVarGen,5.18359840870986
2050,FI,methanation,none,costVarGen,2.0642188214552152e-7
2050,FR,methanation,none,costVarGen,3.26139935739655e-9
2050,GR,methanation,none,costVarGen,0.15296875477272215
2050,HR,methanation,none,costVarGen,1.1918266726948074e-7
2050,HU,methanation,none,costVarGen,3.4478226014740807e-9
2050,IE,methanation,none,costVarGen,0.18194431019073296
2050,IT,methanation,none,costVarGen,5.865105916765816e-9
2050,LT,methanation,none,costVarGen,2.219490649370311e-9
2050,LU,methanation,none,costVarGen,8.371184200840157e-8
2050,LV,methanation,none,costVarGen,9.787192125548335e-10
2050,NL,methanation,none,costVarGen,1.5748076208665058e-9
2050,NO,methanation,none,costVarGen,5.882301108734308e-8
2050,NONEU_Balkan,methanation,none,costVarGen,2.5714696296259883e-8
2050,PL,methanation,none,costVarGen,1.3491726038475154e-9
2050,PT,methanation,none,costVarGen,0.40836111572283845
2050,RO,methanation,none,costVarGen,4.2651597871828175e-9
2050,SE,methanation,none,costVarGen,2.053833257108395e-8
2050,SI,methanation,none,costVarGen,6.8490139500442e-8
2050,SK,methanation,none,costVarGen,2.207260804174447e-9
2050,TR,methanation,none,costVarGen,5.92758150540123
2050,UK,methanation,none,costVarGen,2.573962254772654e-9
